,smiles,labels,masks
0,CC(C)=CCCC(C)=CC(=O),[-2.06],[1.0]
1,CCCC=C,[-2.68],[1.0]
2,ClC(=C)Cl,[-1.64],[1.0]
3,ClC(Br)Br,[-1.9],[1.0]
4,CCOC(=O)CC(SP(=S)(OC)OC)C(=O)OCC,[-3.37],[1.0]
5,C/C=C/C=O,[0.32],[1.0]
6,CCCCCC(=O)OC,[-1.87],[1.0]
7,CCC(=O)OC,[-0.14],[1.0]
8,CCCC(=O)OC,[-1.92],[1.0]
9,CCCCCC(=O)OCC,[-2.35],[1.0]
10,CCCCCCC=C,[-4.44],[1.0]
11,CCCC(O)CC,[-0.8],[1.0]
12,CCCCCCCC(C)O,[-2.74],[1.0]
13,CCCCC=O,[-0.85],[1.0]
14,CCCC(=O)CC,[-0.83],[1.0]
15,ClCBr,[-0.89],[1.0]
16,CCN(CC)C(=S)SSC(=S)N(CC)CC,[-4.86],[1.0]
17,CCCCCCCCO,[-2.39],[1.0]
18,CCSCC,[-1.34],[1.0]
19,ClCCCl,[-1.06],[1.0]
20,CCC(C)(C)Cl,[-2.51],[1.0]
21,ClCCBr,[-1.32],[1.0]
22,CCCCCCCC=C,[-5.05],[1.0]
23,CCC(C)(O)CC,[-0.36],[1.0]
24,CCCCCCCI,[-4.81],[1.0]
25,CCCCC(C)O,[-0.89],[1.0]
26,CCCCCO,[-0.6],[1.0]
27,ClCCC#N,[-0.29],[1.0]
28,CC(C)C(C)O,[-0.18],[1.0]
29,CCCCCCCCCC(=O)OC,[-4.69],[1.0]
30,CC(C)CBr,[-2.43],[1.0]
31,CCI,[-1.6],[1.0]
32,CCCCCCBr,[-3.81],[1.0]
33,CCCC(C)C,[-3.74],[1.0]
34,BrC(Br)Br,[-1.91],[1.0]
35,OCCCC=C,[-0.15],[1.0]
36,COP(=O)(OC)C(O)C(Cl)(Cl)Cl,[-0.22],[1.0]
37,CC(C)Br,[-1.59],[1.0]
38,CC(C)CC(C)(C)C,[-4.74],[1.0]
39,CCC,[-1.94],[1.0]
40,CCOC=C,[-0.85],[1.0]
41,CCC#C,[-1.24],[1.0]
42,CCCCC(C)(O)CC,[-1.6],[1.0]
43,CC#N,[0.26],[1.0]
44,ClCC(Cl)(Cl)Cl,[-2.18],[1.0]
45,CCCCO,[0.0],[1.0]
46,CC(C)OC=O,[-0.63],[1.0]
47,CC(C)CCO,[-0.51],[1.0]
48,CC(=C)C,[-2.33],[1.0]
49,CC(=C)C(=C)C,[-2.4],[1.0]
50,CCCI,[-2.29],[1.0]
51,CCCO,[0.62],[1.0]
52,CCCC(C)O,[-0.29],[1.0]
53,ClC(=C(Cl)C(=C(Cl)Cl)Cl)Cl,[-4.92],[1.0]
54,CCC(C)CCO,[-0.71],[1.0]
55,CCCCI,[-2.96],[1.0]
56,CCCCCCCC(=O)OCC,[-3.39],[1.0]
57,CCCCCC(C)O,[-1.55],[1.0]
58,CCSSCC,[-2.42],[1.0]
59,CCOCCOCC,[-0.77],[1.0]
60,CCCCCC=C,[-3.73],[1.0]
61,CCCCN(CC)C(=O)SCCC,[-3.53],[1.0]
62,CCCCOC=O,[-1.37],[1.0]
63,BrC(Cl)Cl,[-1.54],[1.0]
64,CBr,[-0.79],[1.0]
65,CC(C)C=C,[-2.73],[1.0]
66,CC,[-1.36],[1.0]
67,CC(=O)N,[1.58],[1.0]
68,CCCCCCC#C,[-3.66],[1.0]
69,CC(O)C(C)(C)C,[-0.62],[1.0]
70,CCCC(=O)OCC,[-1.36],[1.0]
71,CCCCCCCCCO,[-3.01],[1.0]
72,BrCBr,[-1.17],[1.0]
73,CCSC(=O)N(CC(C)C)CC(C)C,[-3.68],[1.0]
74,O=N(=O)OCC(CON(=O)=O)ON(=O)=O,[-2.22],[1.0]
75,CCCCCl,[-2.03],[1.0]
76,CCNC(=S)NCC,[-1.46],[1.0]
77,CCCCC(=O)OC,[-1.34],[1.0]
78,CCCCCOC(=O)CC,[-1.28],[1.0]
79,CC(C)CCC(C)(C)C,[-5.05],[1.0]
80,CCBr,[-1.09],[1.0]
81,CCC#CCC,[-1.99],[1.0]
82,CCC(=C)C,[-2.73],[1.0]
83,CCOC(C)OCC,[-0.43],[1.0]
84,CCCCOCCO,[-0.42],[1.0]
85,ClCCCCl,[-1.62],[1.0]
86,CC(C)C(C)C,[-3.65],[1.0]
87,CCC=C,[-1.94],[1.0]
88,FC(F)(Cl)C(F)(Cl)Cl,[-3.04],[1.0]
89,CCC#N,[0.28],[1.0]
90,CCCC(=O)C,[-0.19],[1.0]
91,OCC(O)CO,[1.12],[1.0]
92,CCCCOC,[-0.99],[1.0]
93,CN(C)C(=O)C,[1.11],[1.0]
94,C=C,[-0.4],[1.0]
95,CC(C)(C)CCO,[-0.5],[1.0]
96,CC(C)SC(C)C,[-2.24],[1.0]
97,CCOP(=S)(OCC)SCSP(=S)(OCC)OCC,[-5.54],[1.0]
98,CCCC(C)(C)CO,[-1.52],[1.0]
99,CCCOC,[-0.39],[1.0]
100,CC(C)OC(=O)C,[-0.55],[1.0]
101,CCCOC(=O)CC,[-0.82],[1.0]
102,ClC=C,[-1.75],[1.0]
103,BrC(Br)(Br)Br,[-3.14],[1.0]
104,CCCCCCCCC,[-5.88],[1.0]
105,CCCCCC(C)C,[-5.08],[1.0]
106,CCC(O)C(C)C,[-0.7],[1.0]
107,CCCCCCC,[-4.53],[1.0]
108,CCCCCC(=O)C,[-1.45],[1.0]
109,COP(=O)(NC(C)=O)SC,[0.54],[1.0]
110,CCCCSP(=O)(SCCCC)SCCCC,[-5.14],[1.0]
111,CC=C(C)C,[-2.56],[1.0]
112,CCCCCCCCCCCCCC,[-7.96],[1.0]
113,CCC(Br)(CC)C(=O)NC(N)=O,[-2.68],[1.0]
114,CCCC(C)(O)CC,[-0.98],[1.0]
115,CCCCCCCC,[-5.24],[1.0]
116,CCC=O,[0.58],[1.0]
117,ClC(Cl)Cl,[-1.17],[1.0]
118,CCCCC(CC)C=O,[-2.13],[1.0]
119,CCC(CC)C=O,[-1.52],[1.0]
120,CCCOCCC,[-1.62],[1.0]
121,CCCCCCCCCCCCCCO,[-5.84],[1.0]
122,NC(=O)N,[0.96],[1.0]
123,CCCC#C,[-1.64],[1.0]
124,CCCCC(=O)OCC,[-2.25],[1.0]
125,CCCCCCCCCCCCCCCCCCO,[-8.4],[1.0]
126,CC(C)CCOC=O,[-1.52],[1.0]
127,CCOP(=O)(OCC)OCC,[0.43],[1.0]
128,CC(C)N(=O)=O,[-0.62],[1.0]
129,OCC(O)C(O)CO,[0.7],[1.0]
130,CNC(=O)C=C(C)OP(=O)(OC)OC,[0.6509999999999999],[1.0]
131,CCC(C)C(C)C,[-4.28],[1.0]
132,CCCCCC#C,[-3.01],[1.0]
133,ClCC(C)C,[-2.0],[1.0]
134,CCCCCCCCCCCC(=O)OC,[-4.69],[1.0]
135,CC(C)CCOC(=O)C,[-1.92],[1.0]
136,CCCSCCC,[-2.58],[1.0]
137,CCCCCBr,[-3.08],[1.0]
138,CCCC/C=C/C,[-3.82],[1.0]
139,CC(Cl)(Cl)Cl,[-2.0],[1.0]
140,CCOCC,[-0.09],[1.0]
141,COCOC,[0.48],[1.0]
142,CCC(C)O,[0.47],[1.0]
143,C=CCS(=O)SCC=C,[-0.83],[1.0]
144,CC(C)COC=O,[-1.01],[1.0]
145,CCCCCC,[-3.84],[1.0]
146,CCCBr,[-1.73],[1.0]
147,COP(=O)(OC)OC(Br)C(Cl)(Cl)Br,[-2.28],[1.0]
148,CC(C)CC(C)(C)O,[-0.92],[1.0]
149,CCC(C)(C)C,[-3.55],[1.0]
150,C=CCC=C,[-2.09],[1.0]
151,CCCCCC(O)CC,[-1.98],[1.0]
152,CCCC(C)CO,[-1.11],[1.0]
153,CCCCC(C)(C)O,[-1.08],[1.0]
154,COC(C)(C)CCCC(C)CC=CC(C)=CC(=O)OC(C)C,[-5.19],[1.0]
155,CCOC(=O)CC,[-0.66],[1.0]
156,NC(N)=NC#N,[-0.31],[1.0]
157,COP(=S)(OC)SCC(=O)N(C)C=O,[-1.995],[1.0]
158,ClC(Cl)(Cl)N(=O)=O,[-2.0],[1.0]
159,CCCCCCC(=O)OCC,[-2.74],[1.0]
160,COC(=O)C,[0.46],[1.0]
161,CCCC(O)C=C,[-0.59],[1.0]
162,CCCCOCCCC,[-1.85],[1.0]
163,CCCCCCCCCCCCO,[-4.8],[1.0]
164,CCCC(C)(C)O,[-0.49],[1.0]
165,CCCCCC(C)(C)O,[-1.72],[1.0]
166,C,[-0.9],[1.0]
167,CCC(C)C(=O)C,[-0.67],[1.0]
168,NC(=S)N,[0.32],[1.0]
169,CN(=O)=O,[0.26],[1.0]
170,CC(C)N(C(C)C)C(=O)SCC(Cl)=C(Cl)Cl,[-4.88],[1.0]
171,C=CCCC=C,[-2.68],[1.0]
172,CCCCC=C,[-3.23],[1.0]
173,CCCCCCCC(=O)C,[-2.58],[1.0]
174,C#C,[0.29],[1.0]
175,CCOC(=O)N(C)C(=O)CSP(=S)(OCC)OCC,[-2.518],[1.0]
176,CC(Cl)CCl,[-1.6],[1.0]
177,CCCC=C(CC)C=O,[-2.46],[1.0]
178,CCOP(=S)(OCC)SCCSCC,[-4.23],[1.0]
179,ClC(Cl)(Cl)C(Cl)(Cl)Cl,[-3.67],[1.0]
180,CCCCCCCCCCCCCCCO,[-6.35],[1.0]
181,CC(C)I,[-2.09],[1.0]
182,CC(C)C(=O)C,[-0.12],[1.0]
183,CCCCCCCCCCCCCCCC,[-8.4],[1.0]
184,CCCCCCC(=O)C,[-2.05],[1.0]
185,CCCCCCCCC(=O)OC,[-3.38],[1.0]
186,CCO,[1.1],[1.0]
187,CCCCCCCCBr,[-5.06],[1.0]
188,CCC(O)CC,[-0.24],[1.0]
189,CC(C)CCCO,[-1.14],[1.0]
190,CCCN(=O)=O,[-0.8],[1.0]
191,CCC(C)(C)O,[0.15],[1.0]
192,CCOC=O,[0.15],[1.0]
193,CCCCS,[-2.18],[1.0]
194,ClC(=C(Cl)Cl)Cl,[-2.54],[1.0]
195,CCC(=O)CC,[-0.28],[1.0]
196,C=CC#N,[0.15],[1.0]
197,CCCCC(=O)C,[-0.8],[1.0]
198,CCCCC(C)CC,[-5.16],[1.0]
199,BrCCBr,[-1.68],[1.0]
200,COC(=O)C=C,[-0.22],[1.0]
201,CCCOC(C)C,[-1.34],[1.0]
202,CCC(O)(CC)CC,[-0.85],[1.0]
203,CC(C)C(=O)C(C)C,[-1.3],[1.0]
204,CSSC,[-1.44],[1.0]
205,CCCCC(O)CC,[-1.47],[1.0]
206,CCCCC(CC)CO,[-2.11],[1.0]
207,CC(C)N(C(C)C)C(=O)SCC(=CCl)Cl,[-4.2860000000000005],[1.0]
208,CN(C)C(=S)SSC(=S)N(C)C,[-3.9],[1.0]
209,CCCCCCCCCCO,[-3.63],[1.0]
210,CCC(C)(C)CC,[-4.23],[1.0]
211,CNC(=O)C(C)SCCSP(=O)(OC)(OC),[1.144],[1.0]
212,ClCCl,[-0.63],[1.0]
213,CCCC=O,[-0.01],[1.0]
214,CCCC,[-2.57],[1.0]
215,ClC(Cl)C(Cl)(Cl)Cl,[-2.6],[1.0]
216,CC(C)CO,[0.1],[1.0]
217,ICI,[-2.34],[1.0]
218,CCCC(O)CCC,[-1.4],[1.0]
219,CCCCCOC(=O)C,[-1.89],[1.0]
220,FC(F)(Cl)C(F)(F)Cl,[-2.74],[1.0]
221,CC=CC=O,[0.32],[1.0]
222,CN(C)C(=O)N(C)C,[0.94],[1.0]
223,CC(C)Cl,[-1.41],[1.0]
224,COC=O,[0.58],[1.0]
225,CCN(CC)C(=S)SCC(Cl)=C,[-3.39],[1.0]
226,ClCC,[-1.06],[1.0]
227,CC/C=C\C,[-2.54],[1.0]
228,CNC(=O)ON=C(CSC)C(C)(C)C,[-1.62],[1.0]
229,CCCCCCCCCCCCCCCCCCCC,[-8.172],[1.0]
230,CCC(CC)CO,[-1.17],[1.0]
231,Cl\C=C/Cl,[-1.3],[1.0]
232,CC(C)CC(C)O,[-0.8],[1.0]
233,CC(C)(C)CO,[-0.4],[1.0]
234,CC=C,[-1.08],[1.0]
235,CC(C)C,[-2.55],[1.0]
236,CCCCCCC(C)O,[-2.09],[1.0]
237,CC(C)COC(=O)C,[-1.21],[1.0]
238,CC(C)C(C)(C)C,[-4.36],[1.0]
239,FC(F)(F)C(Cl)Br,[-1.71],[1.0]
240,CNC(=O)ON=C(SC)C(=O)N(C)C,[0.106],[1.0]
241,CCSCCSP(=S)(OC)OC,[-3.091],[1.0]
242,CCC(C)C,[-3.18],[1.0]
243,N#Cc1ccccc1,[-1.0],[1.0]
244,CCOc1ccc(NC(=O)C)cc1,[-2.35],[1.0]
245,CCN(CC)c1c(cc(c(N)c1N(=O)=O)C(F)(F)F)N(=O)=O,[-5.47],[1.0]
246,CCCCC,[-3.18],[1.0]
247,CCc1ccc(CC)cc1,[-3.75],[1.0]
248,CN(C)C(=O)SCCCCOc1ccccc1,[-3.927],[1.0]
249,CC(=O)Nc1ccc(Br)cc1,[-3.083],[1.0]
250,Cc1ccccc1O,[-0.62],[1.0]
251,Nc1ccc(O)cc1,[-0.8],[1.0]
252,Cc1ccc(C)cc1,[-2.77],[1.0]
253,CCc1ccccc1CC,[-3.28],[1.0]
254,O=N(=O)c1c(Cl)c(Cl)ccc1,[-3.48],[1.0]
255,c1(C#N)c(Cl)c(C#N)c(Cl)c(Cl)c(Cl)1,[-5.64],[1.0]
256,CC(C)c1ccccc1,[-3.27],[1.0]
257,CCCC(=C)C,[-3.03],[1.0]
258,Oc1ccccc1N(=O)=O,[-1.74],[1.0]
259,Oc1c(I)cc(C#N)cc1I,[-3.61],[1.0]
260,c1ccccc1O,[0.0],[1.0]
261,COP(=S)(OC)SCC(=O)N(C(C)C)c1ccc(Cl)cc1,[-4.432],[1.0]
262,CCCCCCc1ccccc1,[-5.21],[1.0]
263,Clc1cc(Cl)c(Cl)c(Cl)c1Cl,[-5.65],[1.0]
264,Oc1cccc(c1)N(=O)=O,[-1.01],[1.0]
265,CCSCc1ccccc1OC(=O)NC,[-2.09],[1.0]
266,CC(C)(C)c1ccc(O)cc1,[-2.41],[1.0]
267,Clc1cccc(I)c1,[-3.55],[1.0]
268,CC(C)C(C)C(C)C,[-4.8],[1.0]
269,Cc1cccc(C)c1,[-2.82],[1.0]
270,Oc1cccc(O)c1,[0.81],[1.0]
271,COP(=S)(OC)Oc1cc(Cl)c(I)cc1Cl,[-6.62],[1.0]
272,Cc1ccc(Cl)cc1,[-3.08],[1.0]
273,CCCCOC(=O)c1ccc(N)cc1,[-3.082],[1.0]
274,CCN(CC(C)=C)c1c(cc(cc1N(=O)=O)C(F)(F)F)N(=O)=O,[-6.124],[1.0]
275,Clc1ccc(Cl)c(Cl)c1Cl,[-4.57],[1.0]
276,CCOP(=S)(CC)Oc1cc(Cl)c(Cl)cc1Cl,[-5.752000000000001],[1.0]
277,Clc1cc(Cl)c(Cl)c(Cl)c1,[-4.63],[1.0]
278,Nc1ccccc1O,[-0.72],[1.0]
279,CCCCCCCCC=C,[-5.51],[1.0]
280,COCC(=O)N(C(C)C(=O)OC)c1c(C)cccc1C,[-1.601],[1.0]
281,CNC(=O)Oc1ccccc1OC(C)C,[-2.05],[1.0]
282,Cc1ccccc1Cl,[-3.52],[1.0]
283,CCOP(=S)(OCC)ON=C(C#N)c1ccccc1,[-4.862],[1.0]
284,Fc1ccccc1,[-1.8],[1.0]
285,Cc1cc(C)c(C)c(C)c1C,[-4.0],[1.0]
286,CCOP(=S)(OCC)SCSc1ccc(Cl)cc1,[-5.736000000000001],[1.0]
287,Cc1ccc(cc1N(=O)=O)N(=O)=O,[-2.82],[1.0]
288,CNC(=O)Oc1cccc(N=CN(C)C)c1,[-2.34],[1.0]
289,COP(=S)(OC)Oc1ccc(SC)c(C)c1,[-4.57],[1.0]
290,CC(=O)OCC(COC(=O)C)OC(=O)C,[-0.6],[1.0]
291,NC(=S)Nc1ccccc1,[-1.77],[1.0]
292,Oc1ccc(Cl)cc1,[-0.7],[1.0]
293,Cc1cccc(N)c1,[-0.85],[1.0]
294,CCOC(=O)c1ccc(N)cc1,[-2.616],[1.0]
295,Clc1ccc(Cl)c(Cl)c1,[-3.59],[1.0]
296,Oc1ccccc1O,[0.62],[1.0]
297,Cc1ccccc1Br,[-2.23],[1.0]
298,CCNc1ccccc1,[-1.7],[1.0]
299,CN(C)C(=O)Nc1ccc(Cl)cc1,[-2.89],[1.0]
300,Brc1cc(Br)c(Br)cc1Br,[-6.98],[1.0]
301,CCCCCCCBr,[-4.43],[1.0]
302,COc1ccc(Cl)cc1,[-2.78],[1.0]
303,COP(=S)(OC)Oc1ccc(N(=O)=O)c(C)c1,[-4.04],[1.0]
304,NC(=O)c1ccccc1O,[-1.82],[1.0]
305,Cc1ccccc1N(=O)=O,[-2.33],[1.0]
306,CCc1ccccc1C,[-3.21],[1.0]
307,CCCCOC(=O)c1ccccc1C(=O)OCCCC,[-4.4],[1.0]
308,COc1c(O)c(Cl)c(Cl)c(Cl)c1Cl,[-4.02],[1.0]
309,COc1ccc(cc1)N(=O)=O,[-2.41],[1.0]
310,Nc1ccc(cc1)S(N)(=O)=O,[-1.34],[1.0]
311,CCCN(CCC)c1c(cc(cc1N(=O)=O)C(C)C)N(=O)=O,[-6.49],[1.0]
312,CCOC(=O)CC(=O)OCC,[-0.82],[1.0]
313,CCOP(=S)(NC(C)C)Oc1ccccc1C(=O)OC(C)C,[-4.194],[1.0]
314,Clc1cccc(Cl)c1Cl,[-4.0],[1.0]
315,O=N(=O)c1cc(Cl)c(Cl)cc1,[-3.2],[1.0]
316,CCOc1ccc(NC(N)=O)cc1,[-2.17],[1.0]
317,COc1ccc(C=CC)cc1,[-3.13],[1.0]
318,CC(C)c1ccc(NC(=O)N(C)C)cc1,[-3.536],[1.0]
319,Cc1c(cc(cc1N(=O)=O)N(=O)=O)N(=O)=O,[-3.22],[1.0]
320,CC(C)OP(=S)(OC(C)C)SCCNS(=O)(=O)c1ccccc1,[-4.2],[1.0]
321,CC(C)c1ccccc1C,[-3.76],[1.0]
322,Nc1cccc(Cl)c1,[-1.37],[1.0]
323,CC/C=C/C,[-2.54],[1.0]
324,CN(C)C(=O)Nc1cccc(c1)C(F)(F)F,[-3.43],[1.0]
325,Cc1cccc(O)c1,[-0.68],[1.0]
326,O=N(=O)c1ccc(cc1)N(=O)=O,[-3.39],[1.0]
327,CN(C)C(=O)Nc1ccccc1,[-1.6],[1.0]
328,ClCc1ccccc1,[-2.39],[1.0]
329,CON(C)C(=O)Nc1ccc(Br)c(Cl)c1,[-3.924],[1.0]
330,CC(=O)Nc1ccc(F)cc1,[-1.78],[1.0]
331,CCc1cccc(CC)c1N(COC)C(=O)CCl,[-3.26],[1.0]
332,Clc1ccc(cc1)N(=O)=O,[-2.92],[1.0]
333,Clc1ccccc1N(=O)=O,[-2.55],[1.0]
334,CCC(C)CO,[-0.47],[1.0]
335,ClC=C(Cl)Cl,[-1.96],[1.0]
336,CCCCN(C)C(=O)Nc1ccc(Cl)c(Cl)c1,[-4.77],[1.0]
337,O=N(=O)c1ccccc1,[-1.8],[1.0]
338,Ic1ccccc1,[-3.01],[1.0]
339,COc1ccccc1OCC(O)COC(N)=O,[-0.985],[1.0]
340,CCCCOCN(C(=O)CCl)c1c(CC)cccc1CC,[-4.19],[1.0]
341,Oc1cccc(Cl)c1Cl,[-1.3],[1.0]
342,CCC(=O)Nc1ccc(Cl)c(Cl)c1,[-3.0],[1.0]
343,Cc1ccc(N)cc1,[-1.21],[1.0]
344,c1ccccc1(OC(=O)NC),[-1.803],[1.0]
345,Cc1cccc(C)c1C,[-3.2],[1.0]
346,CO,[1.57],[1.0]
347,CNC(=O)Oc1ccc(N(C)C)c(C)c1,[-2.36],[1.0]
348,Oc1c(Br)cc(C#N)cc1Br,[-3.33],[1.0]
349,Oc1c(Cl)c(Cl)c(Cl)c(Cl)c1Cl,[-4.28],[1.0]
350,NC(=O)NCc1ccccc1,[-0.95],[1.0]
351,CN(C)C(=O)Nc1ccc(C)c(Cl)c1,[-3.483],[1.0]
352,CON(C)C(=O)Nc1ccc(Cl)c(Cl)c1,[-3.592],[1.0]
353,CS(=O)(=O)c1ccc(cc1)C(O)C(CO)NC(=O)C(Cl)Cl,[-2.154],[1.0]
354,Oc1ccc(cc1)N(=O)=O,[-0.74],[1.0]
355,Nc1ccccc1N(=O)=O,[-1.96],[1.0]
356,Cc1c(cccc1N(=O)=O)N(=O)=O,[-3.0],[1.0]
357,CCC(=O)C,[0.52],[1.0]
358,c1(Br)c(Br)cc(Br)cc1,[-4.5],[1.0]
359,c1(O)c(C)ccc(C(C)C)c1,[-2.08],[1.0]
360,CN(C)C=Nc1ccc(Cl)cc1C,[-2.86],[1.0]
361,Nc1ccc(cc1)N(=O)=O,[-2.37],[1.0]
362,Clc1ccccc1,[-2.38],[1.0]
363,Brc1ccc(I)cc1,[-4.56],[1.0]
364,CCCCCc1ccccc1,[-4.64],[1.0]
365,Oc1ccc(Cl)c(Cl)c1,[-1.25],[1.0]
366,CCN(CC)c1ccccc1,[-3.03],[1.0]
367,Fc1cccc(F)c1,[-2.0],[1.0]
368,CCCCCCO,[-1.24],[1.0]
369,CC(C)(C)Cc1ccccc1,[-4.15],[1.0]
370,Clc1ccccc1I,[-3.54],[1.0]
371,Cc1cccc(C)c1O,[-1.29],[1.0]
372,COP(=S)(OC)Oc1ccc(cc1Cl)N(=O)=O,[-4.31],[1.0]
373,CCc1cccc(C)c1N(C(C)COC)C(=O)CCl,[-2.73],[1.0]
374,OCc1ccccc1,[-0.4],[1.0]
375,Oc1ccc(Br)cc1,[-1.09],[1.0]
376,O=N(=O)c1cc(cc(c1)N(=O)=O)N(=O)=O,[-2.89],[1.0]
377,Brc1ccc(Br)cc1,[-4.07],[1.0]
378,Clc1ccc(Cl)cc1,[-3.27],[1.0]
379,CCCCCCl,[-2.73],[1.0]
380,Clc1cc(Cl)cc(Cl)c1,[-4.48],[1.0]
381,O=Cc1ccccc1,[-1.19],[1.0]
382,NC(=N)NS(=O)(=O)c1ccc(N)cc1,[-1.99],[1.0]
383,COC(=O)c1ccc(O)cc1,[-1.827],[1.0]
384,Cc1ccc(O)c(C)c1,[-1.19],[1.0]
385,Clc1cccc(c1)N(=O)=O,[-2.77],[1.0]
386,FC(F)(F)c1ccccc1,[-2.51],[1.0]
387,CCCCCCOC(=O)c1ccccc1C(=O)OCCCCCC,[-6.144],[1.0]
388,COC(=O)c1ccccc1C(=O)OC,[-1.66],[1.0]
389,Clc1cc(Cl)c(Cl)cc1Cl,[-5.56],[1.0]
390,C=CC=C,[-1.87],[1.0]
391,Nc1ccccc1Cl,[-1.52],[1.0]
392,COc1cccc(Cl)c1,[-2.78],[1.0]
393,Oc1ccc(C=O)cc1,[-0.96],[1.0]
394,Fc1ccccc1Br,[-2.7],[1.0]
395,Oc1ccc(Cl)cc1Cl,[-1.55],[1.0]
396,Cc1ccccc1N,[-2.21],[1.0]
397,c1(OC)ccc(CC=C)cc1,[-2.92],[1.0]
398,CN(C)C(=O)Nc1cccc(OC(=O)NC(C)(C)C)c1,[-2.93],[1.0]
399,Clc1ccccc1Cl,[-3.05],[1.0]
400,Nc1cccc(c1)N(=O)=O,[-2.19],[1.0]
401,CCCOC(=O)C,[-0.72],[1.0]
402,Oc1cc(Cl)cc(Cl)c1Cl,[-2.67],[1.0]
403,Nc1ccccc1,[-0.41],[1.0]
404,Brc1cc(Br)cc(Br)c1,[-5.6],[1.0]
405,COP(=S)(OC)Oc1cc(Cl)c(Cl)cc1Cl,[-5.72],[1.0]
406,COc1cc(CC=C)ccc1O,[-1.56],[1.0]
407,Clc1c(Cl)c(Cl)c(N(=O)=O)c(Cl)c1Cl,[-5.82],[1.0]
408,COC(=O)c1cc(O)c(O)c(O)c1,[-1.24],[1.0]
409,Fc1cccc(Br)c1,[-2.67],[1.0]
410,Clc1ccc(Br)cc1,[-3.63],[1.0]
411,COc1ccccc1N(=O)=O,[-1.96],[1.0]
412,NC(=O)CCl,[-0.02],[1.0]
413,CCC(C)c1cc(cc(N(=O)=O)c1O)N(=O)=O,[-3.38],[1.0]
414,COc1ccccc1O,[-1.96],[1.0]
415,Oc1ccc(Cl)c(Cl)c1Cl,[-2.67],[1.0]
416,COc1ccccc1,[-1.85],[1.0]
417,CCc1ccc(C)cc1,[-3.11],[1.0]
418,O=N(=O)c1cccc(c1)N(=O)=O,[-2.29],[1.0]
419,Nc1ccc(Cl)cc1,[-1.66],[1.0]
420,CC(C)(C)c1ccccc1,[-3.66],[1.0]
421,Brc1ccccc1,[-2.55],[1.0]
422,CCOC(=O)c1ccc(O)cc1,[-2.35],[1.0]
423,CCCCCC=O,[-1.3],[1.0]
424,COC(=O)c1ccccc1,[-1.85],[1.0]
425,CN(C)C(=O)Nc1ccc(Cl)c(Cl)c1,[-3.8],[1.0]
426,Oc1ccccc1Cl,[-1.06],[1.0]
427,CCOc1ccccc1,[-2.33],[1.0]
428,CCOC(=O)C=Cc1ccccc1,[-3.0],[1.0]
429,Cc1ccc(cc1)S(=O)(=O)N,[-1.74],[1.0]
430,CC(OC(=O)Nc1cccc(Cl)c1)C#C,[-2.617],[1.0]
431,CCOP(=S)(OCC)Oc1ccc(cc1)S(C)=O,[-2.3],[1.0]
432,Cc1ccc(C)c(C)c1,[-3.31],[1.0]
433,Oc1cc(Cl)c(Cl)cc1Cl,[-2.21],[1.0]
434,CC(C)=CCC/C(C)=C\CO,[-2.46],[1.0]
435,NNc1ccccc1,[0.07],[1.0]
436,Oc1c(Cl)ccc(Cl)c1Cl,[-2.64],[1.0]
437,Brc1cccc(Br)c1,[-3.54],[1.0]
438,CC(=O)Nc1ccccc1,[-1.33],[1.0]
439,CC(=O)c1ccccc1,[-1.28],[1.0]
440,CCCOC(=O)c1ccc(N)cc1,[-2.452],[1.0]
441,CCOC(=O)c1ccccc1,[-2.32],[1.0]
442,CON(C)C(=O)Nc1ccc(Cl)cc1,[-2.57],[1.0]
443,Cc1ccc(Br)cc1,[-3.19],[1.0]
444,CCCCN(CC)c1c(cc(cc1N(=O)=O)C(F)(F)F)N(=O)=O,[-5.53],[1.0]
445,CCCCCCCCCC(C)O,[-2.94],[1.0]
446,CCN(=O)=O,[-0.22],[1.0]
447,Cc1cc(C)c(O)c(C)c1,[-2.05],[1.0]
448,c1ccccc1,[-1.64],[1.0]
449,Clc1ccc(I)cc1,[-4.03],[1.0]
450,COc1ccc(NC(=O)N(C)C)cc1Cl,[-2.564],[1.0]
451,CC(C)N(C(=O)CCl)c1ccccc1,[-2.48],[1.0]
452,C=Cc1ccccc1,[-2.82],[1.0]
453,Cc1ccccc1C,[-2.8],[1.0]
454,Oc1ccc(O)cc1,[-0.17],[1.0]
455,c1(O)cc(O)ccc1CCCCCC,[-2.59],[1.0]
456,Oc1c(Cl)cc(Cl)c(Cl)c1Cl,[-3.1],[1.0]
457,CCCC(C)(COC(N)=O)COC(N)=O,[-1.807],[1.0]
458,Clc1cccc(Cl)c1,[-3.04],[1.0]
459,c1ccccc1SC,[-2.39],[1.0]
460,CCCCC(CC)COC(=O)c1ccccc1C(=O)OCC(CC)CCCC,[-6.96],[1.0]
461,Cc1cc(C)cc(O)c1,[-1.4],[1.0]
462,ClCC#CCOC(=O)Nc1cccc(Cl)c1,[-4.37],[1.0]
463,CC(=O)Nc1ccc(Cl)cc1,[-2.843],[1.0]
464,CNc1ccccc1,[-1.28],[1.0]
465,Cc1cc(cc(N(=O)=O)c1O)N(=O)=O,[-1.456],[1.0]
466,Oc1cccc(Cl)c1,[-0.7],[1.0]
467,Clc1cccc(Br)c1,[-3.21],[1.0]
468,CI,[-1.0],[1.0]
469,OCCOc1ccccc1,[-0.7],[1.0]
470,CCc1ccccc1,[-2.77],[1.0]
471,CC(C#C)N(C)C(=O)Nc1ccc(Cl)cc1,[-3.9],[1.0]
472,COc1ccc(C=O)cc1,[-1.49],[1.0]
473,CC(=O)Nc1ccc(cc1)N(=O)=O,[-2.692],[1.0]
474,CC(=O)Nc1ccc(O)cc1,[-1.03],[1.0]
475,CCCCOc1ccc(C(=O)OCC)c(c1)N(CC)CC,[-3.84],[1.0]
476,Cc1c(C)c(C)c(C)c(C)c1C,[-5.23],[1.0]
477,CC(C)c1ccc(C)cc1O,[-2.22],[1.0]
478,CCOP(=S)(OCC)Oc1ccc(cc1)N(=O)=O,[-4.66],[1.0]
479,CCCCC(=O)CCCC,[-2.58],[1.0]
480,CC(C)OC(=O)Nc1cccc(Cl)c1,[-3.38],[1.0]
481,CC(O)c1ccccc1,[-0.92],[1.0]
482,c1(C(=O)OCCCCCC(C)(C))c(C(=O)OCCCCCC(C)(C))cccc1,[-6.6370000000000005],[1.0]
483,Cc1cc(C)cc(C)c1,[-3.4],[1.0]
484,CCCCCCCCOC(=O)c1ccccc1C(=O)OCCCCCCCC,[-5.115],[1.0]
485,O=N(=O)c1ccccc1N(=O)=O,[-3.1],[1.0]
486,Fc1ccc(F)cc1,[-1.97],[1.0]
487,CCCN(CCC)c1c(cc(cc1N(=O)=O)C(F)(F)F)N(=O)=O,[-5.68],[1.0]
488,c1c(NC(=O)OC(C)C(=O)NCC)cccc1,[-1.83],[1.0]
489,Cc1ccc(cc1)N(=O)=O,[-2.49],[1.0]
490,CCC(C)CC,[-3.68],[1.0]
491,Cc1ccc(O)cc1,[-0.73],[1.0]
492,CN(C)c1ccccc1,[-1.92],[1.0]
493,CNC(=O)Oc1ccccc1C(C)C,[-2.863],[1.0]
494,COc1ccccc1Cl,[-2.46],[1.0]
495,COP(=S)(OC)Oc1cc(Cl)c(Br)cc1Cl,[-6.09],[1.0]
496,CC(C)c1ccc(C)cc1,[-3.77],[1.0]
497,Oc1c(Cl)cccc1Cl,[-1.79],[1.0]
498,OCC(NC(=O)C(Cl)Cl)C(O)c1ccc(cc1)N(=O)=O,[-2.111],[1.0]
499,Brc1ccccc1Br,[-3.5],[1.0]
500,Oc1c(Cl)cc(Cl)cc1Cl,[-2.34],[1.0]
501,ClCC#N,[-0.092],[1.0]
502,CCCN(CCC)c1c(cc(cc1N(=O)=O)S(N)(=O)=O)N(=O)=O,[-5.16],[1.0]
503,Cc1ccc(O)cc1C,[-1.38],[1.0]
504,Sc1ccccc1,[-2.12],[1.0]
505,CNC(=O)Oc1cc(C)cc(C)c1,[-2.5810000000000004],[1.0]
506,NC(=O)c1ccccc1,[-0.96],[1.0]
507,Clc1ccccc1Br,[-3.19],[1.0]
508,Oc1cc(Cl)cc(Cl)c1,[-1.34],[1.0]
509,Cc1ccccc1,[-2.21],[1.0]
510,Oc1cc(Cl)c(Cl)c(Cl)c1Cl,[-3.15],[1.0]
511,COc1ccccc1O,[-1.96],[1.0]
512,CCCCCCCCC(=O)OCC,[-3.8],[1.0]
513,CCOC(=O)c1ccccc1C(=O)OCC,[-2.35],[1.0]
514,CC(C)Cc1ccccc1,[-4.12],[1.0]
515,Oc1c(Cl)c(Cl)cc(Cl)c1Cl,[-3.37],[1.0]
516,CCCc1ccccc1,[-3.37],[1.0]
517,Cc1cc(C)c(C)cc1C,[-4.59],[1.0]
518,CC(=O)Nc1cc(NS(=O)(=O)C(F)(F)F)c(C)cc1C,[-3.24],[1.0]
519,c1(C(C)(C)C)cc(C(C)(C)C)cc(OC(=O)NC)c1,[-4.24],[1.0]
520,CCCCc1ccccc1,[-4.06],[1.0]
521,N#Cc1ccccc1C#N,[-2.38],[1.0]
522,Cc1cccc(c1)N(=O)=O,[-2.44],[1.0]
523,CCC(C)Cl,[-1.96],[1.0]
524,COP(=O)(OC)OC(=CCl)c1cc(Cl)c(Cl)cc1Cl,[-4.522],[1.0]
525,Clc1cc(Cl)c(c(Cl)c1)c2c(Cl)cccc2Cl,[-7.32],[1.0]
526,Clc1ccc(c(Cl)c1)c2c(Cl)ccc(Cl)c2Cl,[-7.43],[1.0]
527,c1c(Cl)cccc1c2ccccc2,[-4.88],[1.0]
528,Clc1cccc(c1Cl)c2c(Cl)c(Cl)cc(Cl)c2Cl,[-8.6],[1.0]
529,Clc1cc(Cl)c(Cl)c(c1Cl)c2c(Cl)c(Cl)cc(Cl)c2Cl,[-9.15],[1.0]
530,Clc1ccccc1c2ccccc2Cl,[-5.27],[1.0]
531,Clc1cccc(c1)c2cc(Cl)ccc2Cl,[-6.01],[1.0]
532,Clc1ccc(Cl)c(c1)c2ccc(Cl)c(Cl)c2,[-7.25],[1.0]
533,Clc1ccccc1c2ccccc2,[-4.54],[1.0]
534,CCCCC#C,[-2.36],[1.0]
535,Clc1ccc(cc1)c2ccccc2Cl,[-5.28],[1.0]
536,Clc1ccc(cc1)c2ccc(Cl)cc2,[-6.56],[1.0]
537,Cc1ccc(cc1)c2ccccc2,[-4.62],[1.0]
538,Clc1cc(c(Cl)c(Cl)c1Cl)c2cc(Cl)c(Cl)c(Cl)c2Cl,[-9.16],[1.0]
539,Clc1cc(Cl)c(cc1Cl)c2cccc(Cl)c2Cl,[-7.21],[1.0]
540,Clc1ccc(cc1)c2cccc(Cl)c2Cl,[-6.29],[1.0]
541,Clc1ccc(cc1Cl)c2ccccc2,[-6.39],[1.0]
542,Clc1cccc(c1Cl)c2cccc(Cl)c2Cl,[-7.28],[1.0]
543,Oc1ccc(cc1)c2ccccc2,[-3.48],[1.0]
544,Clc1ccc(c(Cl)c1)c2cc(Cl)ccc2Cl,[-6.57],[1.0]
545,CCCCCCCC#C,[-4.24],[1.0]
546,Clc1ccc(c(Cl)c1)c2ccc(Cl)c(Cl)c2Cl,[-7.8],[1.0]
547,Clc1ccc(c(Cl)c1Cl)c2ccc(Cl)c(Cl)c2Cl,[-8.01],[1.0]
548,Nc1ccc(cc1)c2ccc(N)cc2,[-2.7],[1.0]
549,Clc2c(Cl)c(Cl)c(c1ccccc1)c(Cl)c2Cl,[-7.92],[1.0]
550,Clc1c(Cl)c(Cl)c(c(Cl)c1Cl)c2c(Cl)c(Cl)c(Cl)c(Cl)c2Cl,[-11.6],[1.0]
551,Clc1ccc(c(Cl)c1)c2c(Cl)c(Cl)c(Cl)c(Cl)c2Cl,[-7.92],[1.0]
552,Clc1ccc(Cl)c(c1)c2cc(Cl)c(Cl)c(Cl)c2Cl,[-7.68],[1.0]
553,Clc1ccc(Cl)c(c1)c2cccc(Cl)c2Cl,[-6.47],[1.0]
554,Clc1ccc(Cl)c(c1)c2c(Cl)c(Cl)cc(Cl)c2Cl,[-7.42],[1.0]
555,Clc1ccc(cc1Cl)c2cc(Cl)c(Cl)c(Cl)c2Cl,[-7.82],[1.0]
556,CCOP(=S)(OCC)SCSCC,[-4.11],[1.0]
557,CC(C)OC(C)C,[-1.1],[1.0]
558,c1ccc(cc1)c2ccccc2,[-4.345],[1.0]
559,Clc1cc(Cl)c(c(Cl)c1)c2c(Cl)cc(Cl)cc2Cl,[-8.71],[1.0]
560,Clc1ccc(Cl)c(c1)c2c(Cl)c(Cl)c(Cl)c(Cl)c2Cl,[-8.94],[1.0]
561,Clc1ccc(cc1)c2cc(Cl)ccc2Cl,[-6.25],[1.0]
562,Clc1ccc(c(Cl)c1)c2cc(Cl)c(Cl)c(Cl)c2Cl,[-7.39],[1.0]
563,Clc1cccc(Cl)c1c2ccccc2,[-5.21],[1.0]
564,Clc1ccc(cc1)c2c(Cl)cccc2Cl,[-6.14],[1.0]
565,Clc1cccc(Cl)c1c2c(Cl)cccc2Cl,[-7.39],[1.0]
566,Clc1cc(Cl)c(cc1Cl)c2cc(Cl)c(Cl)cc2Cl,[-8.56],[1.0]
567,Clc1ccc(c(Cl)c1Cl)c2c(Cl)cc(Cl)c(Cl)c2Cl,[-7.66],[1.0]
568,CNN,[1.34],[1.0]
569,Clc1ccc2ccccc2c1,[-4.14],[1.0]
570,Cc1ccc(C)c2ccccc12,[-4.14],[1.0]
571,Cc1cc(C)c2ccccc2c1,[-4.29],[1.0]
572,CCc1cccc2ccccc12,[-4.17],[1.0]
573,Brc1cccc2ccccc12,[-4.35],[1.0]
574,Nc1cccc2ccccc12,[-1.92],[1.0]
575,Oc1ccc2ccccc2c1,[-2.28],[1.0]
576,c1c(Br)ccc2ccccc12,[-4.4],[1.0]
577,c1ccc2ccccc2c1,[-3.6],[1.0]
578,Ic1cccc2ccccc12,[-4.55],[1.0]
579,CC#C,[-0.41],[1.0]
580,Cc1ccc2ccccc2c1,[-3.77],[1.0]
581,Clc1cccc2ccccc12,[-3.93],[1.0]
582,Brc1ccc2ccccc2c1,[-4.4],[1.0]
583,CCc1ccc2ccccc2c1,[-4.29],[1.0]
584,Cc1cccc2ccccc12,[-3.7],[1.0]
585,CCN(CC)C(=O)C(C)Oc1cccc2ccccc12,[-3.57],[1.0]
586,Cc1ccc2cc(C)ccc2c1,[-4.89],[1.0]
587,Cc1cccc2c(C)cccc12,[-4.678999999999999],[1.0]
588,Oc1cccc2ccccc12,[-2.22],[1.0]
589,Cc1cc2ccccc2cc1C,[-4.72],[1.0]
590,CCNP(=S)(OC)OC(=CC(=O)OC(C)C)C,[-3.408],[1.0]
591,O=N(=O)c1cccc2ccccc12,[-3.54],[1.0]
592,CNC(=O)Oc1cccc2ccccc12,[-3.224],[1.0]
593,CCCCC1(CC)C(=O)NC(=O)NC1=O,[-1.661],[1.0]
594,CCC1(CCC(C)C)C(=O)NC(=O)NC1=O,[-2.468],[1.0]
595,O=C1NC(=O)NC(=O)C1(CC)C(C)CC,[-2.39],[1.0]
596,O=C1NC(=O)NC(=O)C1(C)CC=C,[-1.16],[1.0]
597,CCC(C)C1(CC=C)C(=O)NC(=O)NC1=O,[-2.016],[1.0]
598,O=C1NC(=O)NC(=O)C1(C(C)C)C(C)C,[-2.766],[1.0]
599,O=C1NC(=O)NC(=O)C1(CC)CC,[-2.4],[1.0]
600,CCC1(CC)C(=O)NC(=O)N(C)C1=O,[-2.23],[1.0]
601,C=CC=O,[0.57],[1.0]
602,O=C1NC(=O)NC(=O)C1(C(C)CCC)CC=C,[-2.356],[1.0]
603,O=C1NC(=O)NC(=O)C1(CC)C(C)CCC,[-2.39],[1.0]
604,O=C1NC(=O)NC(=O)C1(C(C)C)CC=C,[-1.7080000000000002],[1.0]
605,O=C1NC(=O)NC(=O)C1(CC)CC=C,[-1.614],[1.0]
606,CCC1(C(C)C)C(=O)NC(=O)NC1=O,[-2.21],[1.0]
607,O=C1NC(=O)NC(=O)C1(CC=C)CC=C,[-2.077],[1.0]
608,O=C1NC(=O)NC(=O)C1(CC)CCC(C)C,[-2.658],[1.0]
609,O=C1NC(=O)NC(=O)C1(CC)C(C)C,[-2.148],[1.0]
610,O=C1NC(=O)NC(=O)C1(C)CC,[-1.228],[1.0]
611,O=C1NC(=O)NC(=O)C1(CC)CC=C(C)C,[-2.253],[1.0]
612,CCCCl,[-1.47],[1.0]
613,CCC(C)C1(CC(Br)=C)C(=O)NC(=O)NC1=O,[-2.647],[1.0]
614,O=C1NC(=O)NC(=O)C1(C)C,[-1.742],[1.0]
615,O=C1NC(=O)NC(=O)C1(C(C)C)CC=C(C)C,[-2.593],[1.0]
616,CC12CCC3C(CCC4=CC(=O)CCC34C)C2CCC1C(=O)CO,[-3.45],[1.0]
617,CC34CC(O)C1(F)C(CCC2=CC(=O)CCC12C)C3CCC4(O)C(=O)CO,[-3.43],[1.0]
618,CC12CCC(=O)C=C1CCC3C2CCC4(C)C3CCC4(O)C#C,[-5.66],[1.0]
619,CC1(O)CCC2C3CCC4=CC(=O)CCC4(C)C3CCC21C,[-3.999],[1.0]
620,CC12CC(O)C3C(CCC4=CC(=O)CCC34C)C2CCC1(O)C(=O)CO,[-3.09],[1.0]
621,CC(=O)OCC(=O)C3CCC4C2CCC1=CC(=O)CCC1(C)C2CCC34C,[-4.63],[1.0]
622,CC(=O)C1CCC2C3CCC4=CC(=O)CCC4(C)C3CCC12C,[-4.42],[1.0]
623,CCOC(=O)C,[-0.04],[1.0]
624,CC(=O)OC3CCC4C2CCC1=CC(=O)CCC1(C)C2CCC34C,[-5.184],[1.0]
625,CC(=O)C1(O)CCC2C3CCC4=CC(=O)CCC4(C)C3CCC21C,[-3.817],[1.0]
626,CC13CCC(=O)C=C1CCC4C2CCC(C(=O)CO)C2(CC(O)C34)C=O,[-3.85],[1.0]
627,CCC(=O)OC3CCC4C2CCC1=CC(=O)CCC1(C)C2CCC34C,[-5.37],[1.0]
628,CC12CCC3C(CCC4=CC(=O)CCC34C)C2CCC1O,[-4.02],[1.0]
629,CC(=O)OCC(=O)C1(O)CCC2C3CCC4=CC(=O)CCC4(C)C3C(O)CC21C,[-4.88],[1.0]
630,CC(=O)OC3(C)CCC4C2CCC1=CC(=O)CCC1(C)C2CCC34C,[-5.284],[1.0]
631,CC12CC(O)C3C(CCC4=CC(=O)CCC34C)C2CCC1C(=O)CO,[-3.24],[1.0]
632,CC34CCC1C(CCC2=CC(=O)CCC12O)C3CCC4(O)C#C,[-4.57],[1.0]
633,CC(=O)OC3(CCC4C2CCC1=CC(=O)CCC1C2CCC34C)C#C,[-4.8],[1.0]
634,CCCC(C)(C)C,[-4.36],[1.0]
635,CCNc1nc(Cl)nc(n1)N(CC)CC,[-4.06],[1.0]
636,CCNc1nc(Cl)nc(NC(C)C)n1,[-3.85],[1.0]
637,CCN(CC)c1nc(Cl)nc(NC(C)C)n1,[-3.785],[1.0]
638,COc1nc(NC(C)C)nc(NC(C)C)n1,[-2.478],[1.0]
639,CCN(CC)c1nc(Cl)nc(n1)N(CC)CC,[-4.4110000000000005],[1.0]
640,CCNc1nc(NC(C)C)nc(SC)n1,[-3.04],[1.0]
641,CCNc1nc(NC(C)(C)C)nc(SC)n1,[-4.0],[1.0]
642,CCNc1nc(NC(C)C)nc(OC)n1,[-2.084],[1.0]
643,CCNc1nc(Cl)nc(NCC)n1,[-4.55],[1.0]
644,CSc1nc(nc(n1)N(C)C)N(C)C,[-2.676],[1.0]
645,CCCCOC(=O)CCCCCCCCC(=O)OCCCC,[-3.896],[1.0]
646,COCCCNc1nc(NC(C)C)nc(SC)n1,[-2.928],[1.0]
647,CCNc1nc(Cl)nc(NC(C)(C)C#N)n1,[-3.15],[1.0]
648,CN(C)c1nc(nc(n1)N(C)C)N(C)C,[-3.364],[1.0]
649,CC(C)Nc1nc(Cl)nc(NC(C)C)n1,[-4.43],[1.0]
650,CSc1nc(NC(C)C)nc(NC(C)C)n1,[-4.1],[1.0]
651,CCNc1nc(NC(C)(C)C)nc(OC)n1,[-3.239],[1.0]
652,c1ccncc1,[0.76],[1.0]
653,Cc1ccncc1C,[0.36],[1.0]
654,Cc1cccc(C)n1,[0.45],[1.0]
655,Cc1cccnc1C,[0.38],[1.0]
656,CC(=C)C=C,[-2.03],[1.0]
657,Oc1ccccn1,[1.02],[1.0]
658,Cc1ccnc(C)c1,[0.38],[1.0]
659,CCOP(=S)(OCC)Oc1nc(Cl)c(Cl)cc1Cl,[-5.67],[1.0]
660,c1nccc(C(=O)NN)c1,[0.009],[1.0]
661,COC(=O)c1cccnc1,[-0.46],[1.0]
662,CCc1ccccn1,[0.51],[1.0]
663,Cc1cncc(C)c1,[0.38],[1.0]
664,NC(=O)c1cccnc1,[0.61],[1.0]
665,Clc1cccc(n1)C(Cl)(Cl)Cl,[-3.76],[1.0]
666,Oc1ccncc1,[1.02],[1.0]
667,CCCCCCCO,[-1.81],[1.0]
668,CC(C)=CCCC(O)(C)C=C,[-1.99],[1.0]
669,COc1ccc(cc1)C(c2ccc(OC)cc2)C(Cl)(Cl)Cl,[-6.89],[1.0]
670,ClC(Cl)C(c1ccc(Cl)cc1)c2ccc(Cl)cc2,[-7.2],[1.0]
671,c1ccccc1C(O)c2ccccc2,[-2.55],[1.0]
672,OC(c1ccc(Cl)cc1)(c2ccc(Cl)cc2)C(Cl)(Cl)Cl,[-5.666],[1.0]
673,ClC(Cl)C(c1ccc(Cl)cc1)c2ccccc2Cl,[-6.51],[1.0]
674,c1ccc(Cl)cc1C(c2ccc(Cl)cc2)(O)C(=O)OC(C)C,[-4.53],[1.0]
675,CN(C)C(=O)C(c1ccccc1)c2ccccc2,[-2.98],[1.0]
676,Clc1ccc(cc1)C(c2ccc(Cl)cc2)C(Cl)(Cl)Cl,[-7.15],[1.0]
677,C(c1ccccc1)c2ccccc2,[-4.08],[1.0]
678,CC(C)OC(=O)C(O)(c1ccc(Br)cc1)c2ccc(Br)cc2,[-4.93],[1.0]
679,OCC(O)C(O)C(O)C(O)CO,[0.06],[1.0]
680,ClC(Cl)C(c1ccc(Cl)cc1)c2ccc(Cl)cc2,[-7.2],[1.0]
681,Oc1ccc(Cl)cc1Cc2cc(Cl)ccc2O,[-3.953],[1.0]
682,CC(C)C1CCC(C)CC1O,[-2.53],[1.0]
683,OC1CCCCC1,[-0.44],[1.0]
684,CCSC(=O)N(CC)C1CCCCC1,[-3.4],[1.0]
685,ClC1C(Cl)C(Cl)C(Cl)C(Cl)C1Cl,[-4.64],[1.0]
686,C/C1CCC(\C)CC1,[-4.47],[1.0]
687,C1CCCCC1,[-3.1],[1.0]
688,CC1CCCCC1,[-3.85],[1.0]
689,C/C1CCCCC1\C,[-4.3],[1.0]
690,CCCC(=O)CCC,[-1.3],[1.0]
691,CCC1CCCCC1,[-4.25],[1.0]
692,OC1C(O)C(O)C(O)C(O)C1O,[0.35],[1.0]
693,Cc1ncnc2nccnc12,[-0.466],[1.0]
694,Oc2ncc1nccnc1n2,[-1.947],[1.0]
695,COc2cnc1ncncc1n2,[-1.139],[1.0]
696,COc1ncnc2nccnc12,[-1.11],[1.0]
697,COc2ncc1nccnc1n2,[-1.11],[1.0]
698,Cc2ncc1nccnc1n2,[-0.12],[1.0]
699,Cc2cnc1cncnc1n2,[-0.8540000000000001],[1.0]
700,COc2cnc1cncnc1n2,[-0.91],[1.0]
701,CC(=O)C(C)(C)C,[-0.72],[1.0]
702,c2cnc1ncncc1n2,[0.02],[1.0]
703,CC34CC(O)C1(F)C(CCC2=CC(=O)C=CC12C)C3CC(O)C4(O)C(=O)CO,[-3.68],[1.0]
704,CC(=O)OCC(=O)C3(O)C(CC4C2CCC1=CC(=O)C=CC1(C)C2(F)C(O)CC34C)OC(C)=O,[-4.13],[1.0]
705,CC12CC(O)C3C(CCC4=CC(=O)C=CC34C)C2CCC1(O)C(=O)CO,[-3.18],[1.0]
706,CC1CC2C3CCC4=CC(=O)C=CC4(C)C3(F)C(O)CC2(C)C1(O)C(=O)CO,[-3.59],[1.0]
707,CC(=O)OCC(=O)C3(O)CCC4C2CCC1=CC(=O)C=CC1(C)C2C(O)CC34C,[-4.37],[1.0]
708,CCCCC(=O)OC3(C(C)CC4C2CCC1=CC(=O)C=CC1(C)C2(F)C(O)CC34C)C(=O)CO,[-4.71],[1.0]
709,CC1CC2C3CC(F)C4=CC(=O)C=CC4(C)C3(F)C(O)CC2(C)C1(O)C(=O)CO,[-5.613],[1.0]
710,CC4CC3C2CCC1=CC(=O)C=CC1(C)C2(F)C(O)CC3(C)C4(O)C(=O)COC(C)=O,[-4.9],[1.0]
711,CC1CC2C3CCC(O)(C(=O)C)C3(C)CC(O)C2(F)C4(C)C=CC(=O)C=C14,[-4.099],[1.0]
712,ClC(Cl)(Cl)C#N,[-2.168],[1.0]
713,O=C1N(COC(=O)CCCCC)C(=O)C(N1)(c2ccccc2)c3ccccc3,[-5.886],[1.0]
714,O=C1N(COC(=O)CCCCCCC)C(=O)C(N1)(c2ccccc2)c3ccccc3,[-6.523],[1.0]
715,O=C1N(COC(=O)CCCCCC)C(=O)C(N1)(c2ccccc2)c3ccccc3,[-6.301],[1.0]
716,O=C1NC(=O)C(N1)(c2ccccc2)c3ccccc3,[-4.097],[1.0]
717,O=C1N(COC(=O)CCCC)C(=O)C(N1)(c2ccccc2)c3ccccc3,[-4.678],[1.0]
718,O=C1N(COC(=O)C)C(=O)C(N1)(c2ccccc2)c3ccccc3,[-4.47],[1.0]
719,O=C1N(COC(=O)CC)C(=O)C(N1)(c2ccccc2)c3ccccc3,[-4.907],[1.0]
720,O=C1N(COC(=O)CCC)C(=O)C(N1)(c2ccccc2)c3ccccc3,[-5.071000000000001],[1.0]
721,CC1(C)C(C=C(Cl)Cl)C1C(=O)OC(C#N)c2ccc(F)c(Oc3ccccc3)c2,[-7.337000000000001],[1.0]
722,CC1(C)C(C=C(Br)Br)C1C(=O)OC(C#N)c2cccc(Oc3ccccc3)c2,[-8.402000000000001],[1.0]
723,CCCCCCCCC(=O)C,[-3.3],[1.0]
724,CC1(C)C(C=C(Cl)Cl)C1C(=O)OC(C#N)c2cccc(Oc3ccccc3)c2,[-8.017000000000001],[1.0]
725,CC1(C)C(C=C(Cl)Cl)C1C(=O)OCc2cccc(Oc3ccccc3)c2,[-6.291],[1.0]
726,CC1(C)C(C=C(Cl)C(F)(F)F)C1C(=O)OC(C#N)c2cccc(Oc3ccccc3)c2,[-8.176],[1.0]
727,CC1(C)C(C(=O)OC(C#N)c2cccc(Oc3ccccc3)c2)C1(C)C,[-6.025],[1.0]
728,CC(C)=CC3C(C(=O)OCc2cccc(Oc1ccccc1)c2)C3(C)C,[-5.24],[1.0]
729,CCC(C)n1c(=O)[nH]c(C)c(Br)c1=O,[-2.523],[1.0]
730,Cc1c[nH]c(=O)[nH]c1=O,[-1.506],[1.0]
731,Fc1c[nH]c(=O)[nH]c1=O,[-1.077],[1.0]
732,O=c1cc[nH]c(=O)[nH]1,[-1.4880000000000002],[1.0]
733,CSCS(=O)CC(CO)NC(=O)C=Cc1c(C)[nH]c(=O)[nH]c1=O,[-1.981],[1.0]
734,CSC,[-0.45],[1.0]
735,Cn1ccc(=O)[nH]c1=O,[-0.807],[1.0]
736,Cc1[nH]c(=O)n(c(=O)c1Cl)C(C)(C)C,[-2.484],[1.0]
737,OC3N=C(c1ccccc1)c2cc(Cl)ccc2NC3=O,[-3.952],[1.0]
738,CN2C(=O)CN=C(c1ccccc1)c3cc(ccc23)N(=O)=O,[-3.796],[1.0]
739,O=C3CN=C(c1ccccc1)c2cc(ccc2N3)N(=O)=O,[-3.796],[1.0]
740,Clc1ccccc1C2=NCC(=O)Nc3ccc(cc23)N(=O)=O,[-3.499],[1.0]
741,CN2C(=O)CN=C(c1ccccc1)c3cc(Cl)ccc23,[-3.754],[1.0]
742,OC3N=C(c1ccccc1Cl)c2cc(Cl)ccc2NC3=O,[-3.604],[1.0]
743,CCN2c1ncccc1N(C)C(=O)c3cccnc23,[-2.62],[1.0]
744,CCN2c1ncccc1N(CC)C(=O)c3cccnc23,[-2.86],[1.0]
745,CCOC(=O)N,[0.85],[1.0]
746,CCN2c1nc(C)cc(C(F)(F)F)c1NC(=O)c3cccnc23,[-4.207],[1.0]
747,CCN2c1nc(N(C)(CCO))ccc1NC(=O)c3cccnc23,[-3.36],[1.0]
748,CCN2c1nc(Cl)ccc1N(C)C(=O)c3cccnc23,[-4.114],[1.0]
749,CCN2c1nc(C)cc(C)c1NC(=O)c3cccnc23,[-4.553999999999999],[1.0]
750,Nc3ccc2cc1ccccc1cc2c3,[-5.17],[1.0]
751,Cc1c2ccccc2c(C)c3ccccc13,[-6.57],[1.0]
752,c3ccc2c(O)c1ccccc1cc2c3,[-4.73],[1.0]
753,Cc1ccc2cc3ccccc3cc2c1,[-6.96],[1.0]
754,Cc1c2ccccc2cc3ccccc13,[-5.89],[1.0]
755,c1ccc2cc3ccccc3cc2c1,[-6.35],[1.0]
756,CC(C)C(O)C(C)C,[-1.22],[1.0]
757,Clc2ccc(Oc1ccc(cc1)N(=O)=O)c(Cl)c2,[-5.46],[1.0]
758,CCOC(=O)NCCOc2ccc(Oc1ccccc1)cc2,[-4.7],[1.0]
759,COc2ccc(Oc1ccc(NC(=O)N(C)C)cc1)cc2,[-4.16],[1.0]
760,Oc1cc(Cl)ccc1Oc2ccc(Cl)cc2Cl,[-4.46],[1.0]
761,CN(C)C(=O)Nc2ccc(Oc1ccc(Cl)cc1)cc2,[-4.89],[1.0]
762,O(c1ccccc1)c2ccccc2,[-3.96],[1.0]
763,c1ccc2c(c1)ccc3c4ccccc4ccc23,[-8.057],[1.0]
764,Cc1cc2c3ccccc3ccc2c4ccccc14,[-6.57],[1.0]
765,Nc3cc2c1ccccc1ccc2c4ccccc34,[-6.2],[1.0]
766,c1cccc2c3c(C)cc4ccccc4c3ccc12,[-6.59],[1.0]
767,CCCCBr,[-2.37],[1.0]
768,Cc1c(C)c2c3ccccc3ccc2c4ccccc14,[-7.01],[1.0]
769,c2c(C)cc1nc(C)ccc1c2,[-1.94],[1.0]
770,Oc2ccc1ncccc1c2,[-2.16],[1.0]
771,Oc1cccc2ncccc12,[-2.54],[1.0]
772,Oc1cccc2cccnc12,[-2.42],[1.0]
773,c1ccc2ncccc2c1,[-1.3],[1.0]
774,CCOP(=S)(OCC)Oc1cc(C)nc(n1)C(C)C,[-3.64],[1.0]
775,CCCCc1c(C)nc(nc1O)N(C)C,[-2.24],[1.0]
776,c1cncnc1,[1.1],[1.0]
777,CN(C)C(=O)Oc1nc(nc(C)c1C)N(C)C,[-1.95],[1.0]
778,CCCCCCCC(=O)OC,[-3.17],[1.0]
779,CC(C)CC(=O)C,[-0.74],[1.0]
780,CCCCc1c(C)nc(NCC)nc1OS(=O)(=O)N(C)C,[-4.16],[1.0]
781,CCCC1CCCC1,[-4.74],[1.0]
782,C1CCCC1,[-2.64],[1.0]
783,CCCCCC1CCCC1,[-6.08],[1.0]
784,CC1CCCC1,[-3.3],[1.0]
785,CCOP(=S)(OCC)SC(CCl)N1C(=O)c2ccccc2C1=O,[-6.34],[1.0]
786,CCOP(=S)(OCC)SC(CCl)N2C(=O)c1ccccc1C2=O,[-6.34],[1.0]
787,O=C1NC(=O)c2ccccc12,[-2.61],[1.0]
788,CCOP(=S)(OCC)N2C(=O)c1ccccc1C2=O,[-3.35],[1.0]
789,Oc1ccc(Cl)cc1C(=O)Nc2ccc(cc2Cl)N(=O)=O,[-4.7],[1.0]
790,OCC(O)C(O)C(O)C(O)CO,[1.09],[1.0]
791,c1c(NC(=O)c2ccccc2(I))cccc1,[-4.21],[1.0]
792,Cc1cccc(C)c1NC(=O)c2cc(c(Cl)cc2O)S(N)(=O)=O,[-3.79],[1.0]
793,c1ccccc1NC(=O)c2c(O)cccc2,[-3.59],[1.0]
794,CCN2c1cc(Cl)ccc1NC(=O)c3cccnc23,[-5.36],[1.0]
795,CCN2c1cc(OC)cc(C)c1NC(=O)c3cccnc23,[-5.153],[1.0]
796,CCN2c1ccccc1N(C)C(=O)c3cccnc23,[-3.324],[1.0]
797,CCN2c1cc(N(C)C)cc(C)c1NC(=O)c3cccnc23,[-4.871],[1.0]
798,Cn1c(=O)n(C)c2nc[nH]c2c1=O,[-1.39],[1.0]
799,Cn1cnc2n(C)c(=O)[nH]c(=O)c12,[-2.523],[1.0]
800,Cn2c(=O)n(C)c1ncn(CC(O)CO)c1c2=O,[-0.17],[1.0]
801,CCS,[-0.6],[1.0]
802,Cn1cnc2n(C)c(=O)n(C)c(=O)c12,[-0.8759999999999999],[1.0]
803,OC1C=CC2C1C3(Cl)C(=C(Cl)C2(Cl)C3(Cl)Cl)Cl,[-5.46],[1.0]
804,ClC2=C(Cl)C3(Cl)C1C=CCC1C2(Cl)C3(Cl)Cl,[-5.64],[1.0]
805,ClC1C=CC2C1C3(Cl)C(=C(Cl)C2(Cl)C3(Cl)Cl)Cl,[-6.317],[1.0]
806,Nc1c(C)c[nH]c(=O)n1,[-1.4580000000000002],[1.0]
807,Nc1cc[nH]c(=O)n1,[-1.155],[1.0]
808,Nc1nc(=O)[nH]cc1F,[-0.972],[1.0]
809,Cc2c(N)c(=O)n(c1ccccc1)n2C,[-0.624],[1.0]
810,Cc1cc(=O)n(c2ccccc2)n1C,[0.715],[1.0]
811,CN(C)c2c(C)n(C)n(c1ccccc1)c2=O,[-0.364],[1.0]
812,ClCC(Cl)Cl,[-1.48],[1.0]
813,ON=Cc1ccc(o1)N(=O)=O,[-2.19],[1.0]
814,O=Cc1ccco1,[-0.1],[1.0]
815,c1ccoc1,[-0.82],[1.0]
816,CCCCC1C(=O)N(N(C1=O)c2ccccc2)c3ccccc3,[-3.81],[1.0]
817,CC(=O)CCC1C(=O)N(N(C1=O)c2ccccc2)c3ccccc3,[-3.27],[1.0]
818,CCCCC1C(=O)N(N(C1=O)c2ccc(O)cc2)c3ccccc3,[-3.73],[1.0]
819,C1CCOC1,[0.49],[1.0]
820,CC1CCCO1,[0.11],[1.0]
821,OCC1OC(O)(CO)C(O)C1O,[0.64],[1.0]
822,CCOC2Oc1ccc(OS(C)(=O)=O)cc1C2(C)C,[-3.42],[1.0]
823,CCCCCCCCl,[-4.0],[1.0]
824,CNC(=O)Oc1cccc2CC(C)(C)Oc12,[-2.8],[1.0]
825,CCOC(=O)CCN(SN(C)C(=O)Oc1cccc2CC(C)(C)Oc21)C(C)C,[-4.71],[1.0]
826,OC1CCCCCCC1,[-1.29],[1.0]
827,C1CCCCCCC1,[-4.15],[1.0]
828,CN(C)C(=O)NC1CCCCCCC1,[-2.218],[1.0]
829,Cc1ccc2c(ccc3ccccc32)c1,[-5.84],[1.0]
830,c1ccc2c(c1)ccc3ccccc32,[-5.26],[1.0]
831,Cc1cccc2c1ccc3ccccc32,[-5.85],[1.0]
832,C(Cc1ccccc1)c2ccccc2,[-4.62],[1.0]
833,CCC(C(CC)c1ccc(O)cc1)c2ccc(O)cc2,[-4.43],[1.0]
834,ClC(Cl)C(Cl)Cl,[-1.74],[1.0]
835,c1ccccc1C(O)C(O)c2ccccc2,[-1.93],[1.0]
836,CC1=CC(=O)CC(C)(C)C1,[-1.06],[1.0]
837,CC(=C)C1CC=C(C)C(=O)C1,[-2.06],[1.0]
838,CN(C)C(=O)OC1=CC(=O)CC(C)(C)C1,[-0.85],[1.0]
839,CC1=CCC(CC1)C(C)=C,[-4.26],[1.0]
840,C1CCC=CC1,[-2.59],[1.0]
841,CC1=CCCCC1,[-3.27],[1.0]
842,C1OC(O)C(O)C(O)C1O,[0.39],[1.0]
843,OCC1OC(O)C(O)C(O)C1O,[0.74],[1.0]
844,C1CCOCC1,[-0.03],[1.0]
845,CCN(CC)C(=O)C(=CCOP(=O)(OC)OC)Cl,[0.523],[1.0]
846,O=C1NC(=O)NC(=O)C1(CC=C)c1ccccc1,[-2.369],[1.0]
847,CCC1(C(=O)NC(=O)NC1=O)c2ccccc2,[-2.322],[1.0]
848,O=C1NC(=O)NC(=O)C1(CC)c1ccccc1,[-2.322],[1.0]
849,c1ccccc1n2ncc(N)c(Br)c2(=O),[-3.127],[1.0]
850,CNc2cnn(c1cccc(c1)C(F)(F)F)c(=O)c2Cl,[-4.046],[1.0]
851,Nc2cnn(c1ccccc1)c(=O)c2Cl,[-2.878],[1.0]
852,CC12CCC3C(CCc4cc(O)ccc34)C2CCC1O,[-5.03],[1.0]
853,CC34CCC1C(CCc2cc(O)ccc12)C3CCC4(O)C#C,[-4.3],[1.0]
854,CC34CCC1C(CCc2cc(O)ccc12)C3CC(O)C4O,[-4.955],[1.0]
855,c2ccc1scnc1c2,[-1.5],[1.0]
856,CCCCCCCl,[-3.12],[1.0]
857,CCOc2ccc1nc(sc1c2)S(N)(=O)=O,[-3.81],[1.0]
858,Sc2nc1ccccc1s2,[-3.18],[1.0]
859,c1cc2ccc(OC)c(CC=C(C)(C))c2oc1=O,[-4.314],[1.0]
860,CCOP(=S)(OCC)Oc2ccc1oc(=O)c(Cl)c(C)c1c2,[-5.382000000000001],[1.0]
861,O2c1ccccc1N(CC)C(=O)c3ccccc23,[-3.68],[1.0]
862,O2c1ccc(N)cc1N(C)C(=O)c3cc(C)ccc23,[-3.928],[1.0]
863,C1Cc2c3c1cccc3cc4c2ccc5ccccc54,[-7.85],[1.0]
864,c1cc(C)cc2c1c3cc4cccc5CCc(c45)c3cc2,[-7.92],[1.0]
865,Cc1ncc(N(=O)=O)n1CCO,[-1.22],[1.0]
866,Cc1ncc(N(=O)=O)n1CCO,[-1.26],[1.0]
867,CCCCCCCCCCCCCCCCCCCCCCCCCC,[-8.334],[1.0]
868,NS(=O)(=O)c2cc1c(NCNS1(=O)=O)cc2Cl,[-2.63],[1.0]
869,NS(=O)(=O)c2cc1c(NC(NS1(=O)=O)C(Cl)Cl)cc2Cl,[-2.68],[1.0]
870,CC2=CC(=O)c1ccccc1C2=O,[-3.03],[1.0]
871,ClC(Cl)CC(=O)NC2=C(Cl)C(=O)c1ccccc1C2=O,[-5.03],[1.0]
872,CCCCc1c(C)nc(NCC)[nH]c1=O,[-3.028],[1.0]
873,Sc1nccc(=O)[nH]1,[-2.273],[1.0]
874,CC(=O)CC(c1ccccc1)c3c(O)c2ccccc2oc3=O,[-3.893],[1.0]
875,CC(=O)CC(c1ccc(Cl)cc1)c2c(O)c3ccccc3oc2=O,[-5.839],[1.0]
876,CC1OC(CC(O)C1O)OC2C(O)CC(OC2C)OC8C(O)CC(OC7CCC3(C)C(CCC4C3CC(O)C5(C)C(CCC45O)C6=CC(=O)OC6)C7)OC8C,[-4.081],[1.0]
877,CC1OC(CC(O)C1O)OC2C(O)CC(OC2C)OC8C(O)CC(OC7CCC3(C)C(CCC4C3CCC5(C)C(CCC45O)C6=CC(=O)OC6)C7)OC8C,[-5.292999999999999],[1.0]
878,CC(Cl)Cl,[-1.29],[1.0]
879,Cc1c[nH]c2ccccc12,[-2.42],[1.0]
880,c2ccc1[nH]ccc1c2,[-1.52],[1.0]
881,CCOP(=S)(OCC)SCn1c(=O)oc2cc(Cl)ccc12,[-5.233],[1.0]
882,Clc2ccc1oc(=O)[nH]c1c2,[-2.8310000000000004],[1.0]
883,NC(=O)NC1NC(=O)NC1=O,[-1.6],[1.0]
884,O=C1CNC(=O)N1,[-0.4],[1.0]
885,CC12CC(=O)C3C(CCC4=CC(=O)CCC34C)C2CCC1(O)C(=O)CO,[-3.11],[1.0]
886,CC(=O)OCC(=O)C3(O)CCC4C2CCC1=CC(=O)CCC1(C)C2C(=O)CC34C,[-4.21],[1.0]
887,c3ccc2nc1ccccc1cc2c3,[-3.67],[1.0]
888,Nc2cccc3nc1ccccc1cc23,[-4.22],[1.0]
889,CCOP(=S)(OCC)SCSC(C)(C)C,[-4.755],[1.0]
890,ClC(Cl)(Cl)Cl,[-2.31],[1.0]
891,C1CCCCCC1,[-3.51],[1.0]
892,OC1CCCCCC1,[-0.88],[1.0]
893,COC(C)(C)C,[-0.24],[1.0]
894,CCCCCCCCCCCCCCCCO,[-7.0],[1.0]
895,CCC(C)(C)CO,[-1.04],[1.0]
896,CCCOC(=O)CCC,[-1.75],[1.0]
897,CCCOC=O,[-0.49],[1.0]
898,CC(C)CC(C)C,[-4.26],[1.0]
899,CCCCCCCCCC(=O)OCC,[-4.1],[1.0]
900,CCCOCC,[-0.66],[1.0]
901,CC(C)O,[0.43],[1.0]
