,smiles,labels,masks,ori_ids
0,Cc1ccccc1,[-2.21],[1.0],1057
1,CCCCCOC(=O)C,[-1.89],[1.0],1077
2,CCCOC(=O)CCC,[-1.75],[1.0],328
3,c1ccc2c(c1)c3cccc4cccc2c34,[-6.0],[1.0],92
4,Sc2nc1ccccc1s2,[-3.18],[1.0],602
5,CCNc1nc(Cl)nc(NC(C)(C)C#N)n1,[-3.15],[1.0],864
6,C1CCCCC1,[-3.1],[1.0],431
7,Clc1ccc2ccccc2c1,[-4.14],[1.0],11
8,Clc1cccc(Cl)c1c2c(Cl)cccc2Cl,[-7.39],[1.0],970
9,CCOC(=O)c1ccc(O)cc1,[-2.35],[1.0],715
10,c1ccc2c(c1)c3ccccc3c4ccccc24,[-6.726],[1.0],865
11,CCCC=C(CC)C=O,[-2.46],[1.0],959
12,CCCCCCCCC(=O)OC,[-3.38],[1.0],979
13,CCC(C)C(=O)OC2CC(C)C=C3C=CC(C)C(CCC1CC(O)CC(=O)O1)C23,[-6.005],[1.0],344
14,Cc1ncc(N(=O)=O)n1CCO,[-1.26],[1.0],822
15,O=N(=O)c1cc(Cl)c(Cl)cc1,[-3.2],[1.0],308
16,NS(=O)(=O)c2cc1c(N=CNS1(=O)=O)cc2Cl,[-3.05],[1.0],888
17,OCC(O)COC(=O)c1ccccc1Nc2ccnc3cc(Cl)ccc23,[-4.571000000000001],[1.0],449
18,CC12CC2(C)C(=O)N(C1=O)c3cc(Cl)cc(Cl)c3,[-4.8],[1.0],675
19,Oc1c(Cl)cc(Cl)cc1Cl,[-2.34],[1.0],1032
20,CC34CCC1C(CCc2cc(O)ccc12)C3CC(O)C4O,[-4.955],[1.0],844
21,CCCC(=O)CCC,[-1.3],[1.0],237
22,CCC2NC(=O)c1cc(c(Cl)cc1N2)S(N)(=O)=O,[-3.29],[1.0],730
23,CC(C)(C)c1ccccc1,[-3.66],[1.0],709
24,CCOC(=O)CC,[-0.66],[1.0],903
25,CC(Cl)Cl,[-1.29],[1.0],301
26,CCN2c1ncccc1N(C)C(=S)c3cccnc23,[-4.634],[1.0],808
27,CCC1CCCCC1,[-4.25],[1.0],947
28,c1ccsc1,[-1.33],[1.0],4
29,COC(=O)c1ccccc1OC2OC(COC3OCC(O)C(O)C3O)C(O)C(O)C2O,[-0.742],[1.0],1050
30,C1CCCCCC1,[-3.51],[1.0],331
31,CCN2c1ccccc1N(C)C(=S)c3cccnc23,[-4.706],[1.0],625
32,Cc1ccc(O)cc1,[-0.73],[1.0],999
33,COc1ccccc1N(=O)=O,[-1.96],[1.0],673
34,CCC1(C(=O)NCNC1=O)c2ccccc2,[-2.64],[1.0],13
35,CCCCC(C)(O)CC,[-1.6],[1.0],508
36,COP(=S)(OC)SCC(=O)N(C(C)C)c1ccc(Cl)cc1,[-4.432],[1.0],117
37,COc2c1occc1cc3ccc(=O)oc23,[-3.664],[1.0],604
38,CC=CC=O,[0.32],[1.0],1081
39,Cc1c[nH]c(=O)[nH]c1=O,[-1.506],[1.0],107
40,CCNc1nc(NC(C)C)nc(OC)n1,[-2.084],[1.0],636
41,FC(F)(Cl)C(F)(Cl)Cl,[-3.04],[1.0],670
42,CCCCCCCC(C)O,[-2.74],[1.0],393
43,CCc1ccccc1CC,[-3.28],[1.0],84
44,Oc1c(Cl)c(Cl)cc(Cl)c1Cl,[-3.37],[1.0],1078
45,COc1c(O)c(Cl)c(Cl)c(Cl)c1Cl,[-4.02],[1.0],291
46,C=CC=C,[-1.87],[1.0],154
47,CCCC(O)C=C,[-0.59],[1.0],921
48,CC(C)OC(=O)C(O)(c1ccc(Br)cc1)c2ccc(Br)cc2,[-4.93],[1.0],996
49,COP(=O)(OC)OC(=CCl)c1cc(Cl)c(Cl)cc1Cl,[-4.522],[1.0],1127
50,CCCN(CCC)c1c(cc(cc1N(=O)=O)S(N)(=O)=O)N(=O)=O,[-5.16],[1.0],1033
51,CN(=O)=O,[0.26],[1.0],940
52,ClCCl,[-0.63],[1.0],103
53,ClC=C,[-1.75],[1.0],720
54,Cc2cnc1cncnc1n2,[-0.8540000000000001],[1.0],685
55,Fc1cccc(F)c1C(=O)NC(=O)Nc2ccc(Cl)cc2,[-6.02],[1.0],963
56,CC(=O)OCC(COC(=O)C)OC(=O)C,[-0.6],[1.0],125
57,CC2=CC(=O)c1ccccc1C2=O,[-3.03],[1.0],610
58,FC(F)(F)C(Cl)Br,[-1.71],[1.0],1123
59,CCCCCCCCC(=O)OCC,[-3.8],[1.0],190
60,Oc1ccc(cc1)N(=O)=O,[-0.74],[1.0],413
61,Cc1ccc2cc(C)ccc2c1,[-4.89],[1.0],616
62,CCCCCC=O,[-1.3],[1.0],162
63,CC(C)Nc1nc(Cl)nc(NC(C)C)n1,[-4.43],[1.0],894
64,O=C1CCCCC1,[-0.6],[1.0],240
65,Cc1cccc2ccccc12,[-3.7],[1.0],606
66,CN(C)C(=O)Nc1cccc(OC(=O)NC(C)(C)C)c1,[-2.93],[1.0],597
67,OC3N=C(c1ccccc1Cl)c2cc(Cl)ccc2NC3=O,[-3.604],[1.0],885
68,Clc1ccc(cc1)C(c2ccc(Cl)cc2)C(Cl)(Cl)Cl,[-7.15],[1.0],855
69,CC(C)c1ccc(C)cc1,[-3.77],[1.0],1023
70,c1cC2C(=O)NC(=O)C2cc1,[-2.932],[1.0],760
71,CS(=O)(=O)c1ccc(cc1)C(O)C(CO)NC(=O)C(Cl)Cl,[-2.154],[1.0],410
72,CNC(=O)C(C)SCCSP(=O)(OC)(OC),[1.144],[1.0],1064
73,CC(C)N(=O)=O,[-0.62],[1.0],800
74,CCCCC#C,[-2.36],[1.0],196
75,COc2cc1c(N)nc(nc1c(OC)c2OC)N3CCN(CC3)C(=O)OCC(C)(C)O,[-3.638],[1.0],754
76,Oc1ccc(C=O)cc1,[-0.96],[1.0],580
77,O=C1N(COC(=O)CCCC)C(=O)C(N1)(c2ccccc2)c3ccccc3,[-4.678],[1.0],263
78,COc1cc(CC=C)ccc1O,[-1.56],[1.0],648
79,CCCCCCBr,[-3.81],[1.0],477
80,NS(=O)(=O)c2cc1c(NCNS1(=O)=O)cc2Cl,[-2.63],[1.0],633
81,OCC(NC(=O)C(Cl)Cl)C(O)c1ccc(cc1)N(=O)=O,[-2.111],[1.0],1028
82,CNC(=O)Oc1ccccc1OC(C)C,[-2.05],[1.0],192
83,CCC(=C)C,[-2.73],[1.0],641
84,c3ccc2nc1ccccc1cc2c3,[-3.67],[1.0],339
85,CON(C)C(=O)Nc1ccc(Cl)c(Cl)c1,[-3.592],[1.0],408
86,Cc1c(cc(cc1N(=O)=O)N(=O)=O)N(=O)=O,[-3.22],[1.0],329
87,CCCCC,[-3.18],[1.0],112
88,Cc1cccc(C)c1O,[-1.29],[1.0],469
89,Cc1ccc2c(ccc3ccccc32)c1,[-5.84],[1.0],289
90,Nc1ccc(cc1)N(=O)=O,[-2.37],[1.0],440
91,O=C(c1ccccc1)c2ccccc2,[-3.12],[1.0],1096
92,COc1cccc(Cl)c1,[-2.78],[1.0],573
93,c1ccc2c(c1)c3cccc4c3c2cc5ccccc54,[-8.23],[1.0],321
94,CCCCN(C)C(=O)Nc1ccc(Cl)c(Cl)c1,[-4.77],[1.0],369
95,CC(C)Br,[-1.59],[1.0],490
96,CN(C)C(=O)Nc1cccc(c1)C(F)(F)F,[-3.43],[1.0],338
97,CCCCC1C(=O)N(N(C1=O)c2ccccc2)c3ccccc3,[-3.81],[1.0],418
98,Clc1ccc(Cl)c(Cl)c1,[-3.59],[1.0],247
99,CCCC1CCCC1,[-4.74],[1.0],455
100,Oc1cccc2ncccc12,[-2.54],[1.0],399
101,Brc1ccc(Br)cc1,[-4.07],[1.0],501
102,CSc1nnc(c(=O)n1N)C(C)(C)C,[-2.253],[1.0],160
103,Cc1ccc(cc1)N(=O)=O,[-2.49],[1.0],993
104,O=C2NC(=O)C1(CCCCCCC1)C(=O)N2,[-2.982],[1.0],1093
105,COc2ncc1nccnc1n2,[-1.11],[1.0],513
106,Clc1ccc(cc1)c2cccc(Cl)c2Cl,[-6.29],[1.0],324
107,c2ccc1[nH]ncc1c2,[-2.16],[1.0],916
108,OC(C(=O)c1ccccc1)c2ccccc2,[-2.85],[1.0],543
109,COCOC,[0.48],[1.0],840
110,CCCCC1(CC)C(=O)NC(=O)NC1=O,[-1.661],[1.0],27
111,CN(C)C(=O)Nc1ccccc1,[-1.6],[1.0],348
112,Cc1c(C)c(C)c(C)c(C)c1C,[-5.23],[1.0],930
113,CCc1ccccn1,[0.51],[1.0],868
114,ClC(=C(Cl)Cl)Cl,[-2.54],[1.0],1005
115,CC(C)c1ccccc1,[-3.27],[1.0],99
116,CCC(=O)C,[0.52],[1.0],148
117,CCCCCCCCCC(C)O,[-2.94],[1.0],19
118,Oc1ccncc1,[1.02],[1.0],1100
119,CC12CCC3C(CCC4=CC(=O)CCC34C)C2CCC1C(=O)CO,[-3.45],[1.0],100
120,NS(=O)(=O)c3cc2c(NC(Cc1ccccc1)NS2(=O)=O)cc3C(F)(F)F,[-3.59],[1.0],861
121,c1ccccc1C(O)C(O)c2ccccc2,[-1.93],[1.0],562
122,Sc1ccccc1,[-2.12],[1.0],1044
123,CCc1cccc2ccccc12,[-4.17],[1.0],104
124,CCOP(=S)(OCC)SCCSCC,[-4.23],[1.0],960
125,Clc1ccc(c(Cl)c1)c2c(Cl)c(Cl)c(Cl)c(Cl)c2Cl,[-7.92],[1.0],661
126,Nc1ccccc1N(=O)=O,[-1.96],[1.0],416
127,Clc1ccc(cc1Cl)c2cc(Cl)c(Cl)c(Cl)c2Cl,[-7.82],[1.0],862
128,O=C1NC(=O)NC(=O)C1(CC)c1ccccc1,[-2.322],[1.0],465
129,ClCCCCl,[-1.62],[1.0],663
130,ClC1(C(=O)C2(Cl)C3(Cl)C14Cl)C5(Cl)C2(Cl)C3(Cl)C(Cl)(Cl)C45Cl,[-5.259],[1.0],429
131,CC(=O)C3CCC4C2CC=C1CC(O)CCC1(C)C2CCC34C,[-4.65],[1.0],172
132,c1ccc2cc3ccccc3cc2c1,[-6.35],[1.0],768
133,OCC1OC(O)C(O)C(O)C1O,[0.74],[1.0],341
134,CCCCC(C)O,[-0.89],[1.0],454
135,CC(C)C(=O)C(C)C,[-1.3],[1.0],1035
136,CCC1(C(=O)NC(=O)NC1=O)c2ccccc2,[-2.322],[1.0],323
137,CCN(CC)C(=S)SCC(Cl)=C,[-3.39],[1.0],1087
138,Cn1ccc(=O)[nH]c1=O,[-0.807],[1.0],727
139,Cc1cccc(c1)N(=O)=O,[-2.44],[1.0],1122
140,CCCCC(C)CC,[-5.16],[1.0],1011
141,Cc1c2ccccc2c(C)c3ccc4ccccc4c13,[-7.02],[1.0],259
142,CCOP(=S)(OCC)SCSP(=S)(OCC)OCC,[-5.54],[1.0],700
143,Clc1ccc(cc1)c2ccccc2Cl,[-5.28],[1.0],166
144,CCOC(=O)C,[-0.04],[1.0],210
145,CC(C)O,[0.43],[1.0],350
146,CCC(=O)OC,[-0.14],[1.0],367
147,Cc3nnc4CN=C(c1ccccc1Cl)c2cc(Cl)ccc2n34,[-4.09],[1.0],248
148,CCCCc1ccccc1,[-4.06],[1.0],1114
149,c3ccc2c(O)c1ccccc1cc2c3,[-4.73],[1.0],389
150,C#C,[0.29],[1.0],953
151,Clc1ccccc1I,[-3.54],[1.0],466
152,OCCCC=C,[-0.15],[1.0],41
153,CCCCI,[-2.96],[1.0],553
154,Nc1cccc2ccccc12,[-1.92],[1.0],143
155,CCCCCCCC(=O)C,[-2.58],[1.0],948
156,Clc1ccccc1Br,[-3.19],[1.0],1049
157,C=CCC=C,[-2.09],[1.0],882
158,CC(C)(C)CCO,[-0.5],[1.0],690
159,CCOC(=O)C=Cc1ccccc1,[-3.0],[1.0],738
160,CCC1(C(=O)NC(=O)NC1=O)C2=CCCCC2,[-2.17],[1.0],51
161,NC(N)=NC#N,[-0.31],[1.0],909
162,CN(C)C(=O)N(C)C,[0.94],[1.0],1082
163,Cn2cc(c1ccccc1)c(=O)c(c2)c3cccc(c3)C(F)(F)F,[-4.445],[1.0],622
164,Clc1cc(Cl)cc(Cl)c1,[-4.48],[1.0],522
165,Nc2nc1[nH]cnc1c(=O)[nH]2,[-3.583],[1.0],918
166,CC1=C(SCCO1)C(=O)Nc2ccccc2,[-3.14],[1.0],400
167,CN(C)C(=O)C,[1.11],[1.0],687
168,CC12CCC(=O)C=C1CCC3C2CCC4(C)C3CCC4(O)C#C,[-5.66],[1.0],185
169,CC2Nc1cc(Cl)c(cc1C(=O)N2c3ccccc3C)S(N)(=O)=O,[-3.78],[1.0],373
170,Clc1cc(Cl)c(Cl)c(Cl)c1,[-4.63],[1.0],187
171,NS(=O)(=O)c2cc1c(NC(NS1(=O)=O)C(Cl)Cl)cc2Cl,[-2.68],[1.0],761
172,c2cnc1ncncc1n2,[0.02],[1.0],932
173,CC1CC2C3CCC(O)(C(=O)C)C3(C)CC(O)C2(F)C4(C)C=CC(=O)C=C14,[-4.099],[1.0],1070
174,NC(=O)N,[0.96],[1.0],785
175,Oc1cccc(Cl)c1Cl,[-1.3],[1.0],376
176,COc1ccccc1,[-1.85],[1.0],693
177,CNc1ccccc1,[-1.28],[1.0],881
178,CC(C)=CC3C(C(=O)OCc2cccc(Oc1ccccc1)c2)C3(C)C,[-5.24],[1.0],986
179,Cc1ccc2ccccc2c1,[-3.77],[1.0],351
180,CCC(O)C(C)C,[-0.7],[1.0],747
181,CCC(C)CCO,[-0.71],[1.0],550
182,CCCC(C)(COC(N)=O)COC(N)=O,[-1.807],[1.0],171
183,CC12CCC(O)CC1CCC3C2CCC4(C)C3CCC4=O,[-4.402],[1.0],655
184,CC(C)OC=O,[-0.63],[1.0],44
185,CCC(C)Cl,[-1.96],[1.0],193
186,CCOC=O,[0.15],[1.0],1000
187,CCSC(=O)N(CC)C1CCCCC1,[-3.4],[1.0],270
188,O=C3CN=C(c1ccccc1)c2cc(ccc2N3)N(=O)=O,[-3.796],[1.0],627
189,CCSSCC,[-2.42],[1.0],565
190,Cc1cc(C)c(C)c(C)c1C,[-4.0],[1.0],212
191,CCCCC(CC)COC(=O)c1ccccc1C(=O)OCC(CC)CCCC,[-6.96],[1.0],867
192,O=N(=O)c1ccccc1,[-1.8],[1.0],371
193,CC(C)C(C)C,[-3.65],[1.0],666
194,O=c1[nH]cnc2[nH]ncc12,[-2.266],[1.0],719
195,COc1ccc(Cl)cc1,[-2.78],[1.0],271
196,ClCC(Cl)Cl,[-1.48],[1.0],278
197,CC(C)c1ccc(C)cc1O,[-2.22],[1.0],931
198,OC1C=CC2C1C3(Cl)C(=C(Cl)C2(Cl)C3(Cl)Cl)Cl,[-5.46],[1.0],792
199,COC(C)(C)CCCC(C)CC=CC(C)=CC(=O)OC(C)C,[-5.19],[1.0],902
200,CCCCCCCCCCCCO,[-4.8],[1.0],924
201,CCN2c1ccccc1N(C)C(=O)c3ccccc23,[-4.749],[1.0],453
202,CCCCCCCCC,[-5.88],[1.0],734
203,O=Cc1ccccc1,[-1.19],[1.0],527
204,CN(C)C=Nc1ccc(Cl)cc1C,[-2.86],[1.0],433
205,O=C1NCCN1c2ncc(s2)N(=O)=O,[-3.22],[1.0],1014
206,CN(C)c2c(C)n(C)n(c1ccccc1)c2=O,[-0.364],[1.0],991
207,CCOCC,[-0.09],[1.0],831
208,Cc1cccnc1C,[0.38],[1.0],216
209,Cc1ccccc1C,[-2.8],[1.0],841
210,CCCCCCC=C,[-4.44],[1.0],384
211,Brc1ccc(I)cc1,[-4.56],[1.0],445
212,OCC(O)C2OC1OC(OC1C2O)C(Cl)(Cl)Cl,[-1.84],[1.0],381
213,Cc1cccc(C)c1,[-2.82],[1.0],144
214,COC(=O)c1cc(O)c(O)c(O)c1,[-1.24],[1.0],658
215,COc1ccc(C=CC)cc1,[-3.13],[1.0],315
216,CC1CO1,[-0.59],[1.0],626
217,CC(C)COC=O,[-1.01],[1.0],856
218,CCOP(=S)(OCC)SC(CCl)N2C(=O)c1ccccc1C2=O,[-6.34],[1.0],500
219,CNC(=O)Oc1cccc(N=CN(C)C)c1,[-2.34],[1.0],223
220,O=N(=O)c1ccc(cc1)N(=O)=O,[-3.39],[1.0],345
221,Nc1nccs1,[-0.36],[1.0],386
222,CC(C)c1ccccc1C,[-3.76],[1.0],333
223,NC(=O)c1cnccn1,[-0.667],[1.0],67
224,C=CCS(=O)SCC=C,[-0.83],[1.0],848
225,CCCC(C)(O)CC,[-0.98],[1.0],766
226,CCOP(=S)(OCC)Oc1ccc(cc1)S(C)=O,[-2.3],[1.0],748
227,O=c2c(C3CCCc4ccccc43)c(O)c1ccccc1o2,[-2.84],[1.0],488
228,CC(=O)OCC(=O)C3(O)C(CC4C2CCC1=CC(=O)C=CC1(C)C2(F)C(O)CC34C)OC(C)=O,[-4.13],[1.0],266
229,Cc1c[nH]c2ccccc12,[-2.42],[1.0],512
230,Clc1ccc(Cl)c(Cl)c1Cl,[-4.57],[1.0],170
231,OCC1OC(OC2C(O)C(O)C(O)OC2CO)C(O)C(O)C1O,[-0.244],[1.0],441
232,CC(C)(C)CO,[-0.4],[1.0],1105
233,ClC(=C)Cl,[-1.64],[1.0],33
234,Clc2ccc1oc(=O)[nH]c1c2,[-2.8310000000000004],[1.0],660
235,CC5(C)OC4CC3C2CCC1=CC(=O)C=CC1(C)C2(F)C(O)CC3(C)C4(O5)C(=O)CO,[-4.31],[1.0],917
236,O=C2NC(=O)C1(CCCCC1)C(=O)N2,[-3.06],[1.0],828
237,Oc1cccc(Cl)c1,[-0.7],[1.0],886
238,O=C1CNC(=O)N1,[-0.4],[1.0],846
239,O=C1NC(=O)NC(=O)C1(CC)C(C)CC,[-2.39],[1.0],177
240,CC(C)C1CCC(C)CC1=O,[-2.35],[1.0],88
241,O=c1[nH]cnc2nc[nH]c12,[-2.296],[1.0],206
242,CCOc1ccccc1,[-2.33],[1.0],737
243,CC12CCC3C(CCc4cc(O)ccc34)C2CCC1O,[-5.03],[1.0],7
244,CCCC(=C)C,[-3.03],[1.0],120
245,CCCSCCC,[-2.58],[1.0],818
246,O=C1N(COC(=O)CC)C(=O)C(N1)(c2ccccc2)c3ccccc3,[-4.907],[1.0],593
247,CCCOC(C)C,[-1.34],[1.0],93
248,CCC(O)CC,[-0.24],[1.0],992
249,c1ccc2c(c1)[nH]c3ccccc32,[-5.27],[1.0],801
250,N#Cc1ccccc1C#N,[-2.38],[1.0],1121
251,Clc1ccc(c(Cl)c1)c2cc(Cl)c(Cl)c(Cl)c2Cl,[-7.39],[1.0],908
252,CCCC(C)(C)C,[-4.36],[1.0],211
253,c1ccc2c(c1)c3cccc4ccc5cccc2c5c43,[-7.8],[1.0],1004
254,Cc1ccccc1n3c(C)nc2ccccc2c3=O,[-2.925],[1.0],182
255,OC(Cn1cncn1)(Cn2cncn2)c3ccc(F)cc3F,[-1.8],[1.0],659
256,c1ccc2c(c1)cnc3ccccc23,[-2.78],[1.0],765
257,CCN2c1cc(OC)cc(C)c1NC(=O)c3cccnc23,[-5.153],[1.0],288
258,CC(OC(=O)Nc1cccc(Cl)c1)C#C,[-2.617],[1.0],742
259,CCS,[-0.6],[1.0],277
260,Cc1ccccc1Br,[-2.23],[1.0],252
261,ClCCBr,[-1.32],[1.0],439
262,N(c1ccccc1)c2ccccc2,[-3.504],[1.0],36
263,CCCCl,[-1.47],[1.0],209
264,Fc1cccc(F)c1,[-2.0],[1.0],462
265,o1c2ccccc2c3ccccc13,[-4.6],[1.0],336
266,CCC(C)n1c(=O)[nH]c(C)c(Br)c1=O,[-2.523],[1.0],53
267,CC(=O)Nc1ccc(Br)cc1,[-3.083],[1.0],46
268,Oc1cccc2ccccc12,[-2.22],[1.0],752
269,CCN(CC)c1ccccc1,[-3.03],[1.0],461
270,N(Nc1ccccc1)c2ccccc2,[-2.92],[1.0],1098
271,OCCOc1ccccc1,[-0.7],[1.0],890
272,ClC2=C(Cl)C3(Cl)C1C=CCC1C2(Cl)C3(Cl)Cl,[-5.64],[1.0],799
273,CCOC(=O)Nc2cccc(OC(=O)Nc1ccccc1)c2,[-4.632],[1.0],1110
274,Oc1c(Cl)ccc(Cl)c1Cl,[-2.64],[1.0],784
275,CCOP(=S)(OCC)SCSC(C)(C)C,[-4.755],[1.0],31
276,CCOC(=O)c1ccccc1S(=O)(=O)NN(C=O)c2nc(Cl)cc(OC)n2,[-4.5760000000000005],[1.0],294
277,CCCCOC(=O)c1ccccc1C(=O)OCCCC,[-4.4],[1.0],290
278,CCCOC(=O)c1ccc(N)cc1,[-2.452],[1.0],803
279,Clc1cc(Cl)c(cc1Cl)c2cccc(Cl)c2Cl,[-7.21],[1.0],319
280,CCCCCC#C,[-3.01],[1.0],811
281,CC(C)=CCCC(C)=CC(=O),[-2.06],[1.0],2
282,ClC(Cl)CC(=O)NC2=C(Cl)C(=O)c1ccccc1C2=O,[-5.03],[1.0],1018
283,O=c2[nH]c1CCCc1c(=O)n2C3CCCCC3,[-4.593999999999999],[1.0],21
284,ClC(Cl)(Cl)Cl,[-2.31],[1.0],307
285,COC=O,[0.58],[1.0],105
286,FC(F)(F)c1ccccc1,[-2.51],[1.0],556
287,C1C=CCC=C1,[-2.06],[1.0],955
288,CCCCCCCCCC(=O)OCC,[-4.1],[1.0],347
289,CN2C(=O)CN=C(c1ccccc1)c3cc(ccc23)N(=O)=O,[-3.796],[1.0],493
290,CCC(C)CO,[-0.47],[1.0],16
291,COC(=O)c1cccnc1,[-0.46],[1.0],860
292,CCOP(=S)(OCC)SC(CCl)N1C(=O)c2ccccc2C1=O,[-6.34],[1.0],260
293,COP(=S)(OC)Oc1cc(Cl)c(Br)cc1Cl,[-6.09],[1.0],1017
294,Cc1ccc(Cl)cc1,[-3.08],[1.0],159
295,c1ccc(cc1)c2ccc(cc2)c3ccccc3,[-7.11],[1.0],579
296,CCCCCCCO,[-1.81],[1.0],25
297,CCCCCCCCO,[-2.39],[1.0],435
298,CCC(CC)CO,[-1.17],[1.0],1099
299,Clc1ccc(I)cc1,[-4.03],[1.0],836
300,CCN(CC)c1nc(Cl)nc(n1)N(CC)CC,[-4.4110000000000005],[1.0],421
301,Cc1cc2ccccc2cc1C,[-4.72],[1.0],906
302,CCCBr,[-1.73],[1.0],78
303,CC(C)SC(C)C,[-2.24],[1.0],698
304,CCC(C)C1(CC(Br)=C)C(=O)NC(=O)NC1=O,[-2.647],[1.0],900
305,CC(=O)Nc1cc(NS(=O)(=O)C(F)(F)F)c(C)cc1C,[-3.24],[1.0],1089
306,ClC(Cl)(Cl)C(NC=O)N1C=CN(C=C1)C(NC=O)C(Cl)(Cl)Cl,[-4.19],[1.0],621
307,BrC(Br)Br,[-1.91],[1.0],484
308,CC(=O)Nc1ccc(cc1)N(=O)=O,[-2.692],[1.0],913
309,CCCCCCOC(=O)c1ccccc1C(=O)OCCCCCC,[-6.144],[1.0],557
310,O=C1NC(=O)NC(=O)C1(CC)C(C)CCC,[-2.39],[1.0],571
311,c1cc(O)c(O)c2OCC3(O)CC4=CC(=O)C(O)=CC4=C3c21,[-2.7],[1.0],790
312,Clc1ccc(Cl)c(c1)c2cccc(Cl)c2Cl,[-6.47],[1.0],729
313,Cc1cc(C)c2ccccc2c1,[-4.29],[1.0],94
314,Fc1cccc(F)c1C(=O)NC(=O)Nc2cc(Cl)c(F)c(Cl)c2F,[-7.28],[1.0],262
315,Cc1ccc(O)cc1C,[-1.38],[1.0],1040
316,CC23Cc1cnoc1C=C2CCC4C3CCC5(C)C4CCC5(O)C#C,[-5.507000000000001],[1.0],552
317,Oc1ccc(Cl)cc1,[-0.7],[1.0],239
318,Clc1ccccc1C2=NCC(=O)Nc3ccc(cc23)N(=O)=O,[-3.499],[1.0],740
319,Oc1c(Cl)cc(Cl)c(Cl)c1Cl,[-3.1],[1.0],853
320,C=CC=O,[0.57],[1.0],205
321,Clc1c(Cl)c(Cl)c(N(=O)=O)c(Cl)c1Cl,[-5.82],[1.0],654
322,C/C=C/C=O,[0.32],[1.0],356
323,Cc1ccccc1N,[-2.21],[1.0],595
324,CCOC(=O)CC(=O)OCC,[-0.82],[1.0],133
325,C1N(C(=O)NCC(C)C)C(=O)NC1,[-2.15],[1.0],515
326,O=C2NC(=O)C1(CCCC1)C(=O)N2,[-2.349],[1.0],984
327,CCCC(=O)OC,[-1.92],[1.0],377
328,c1ccc2c(c1)sc3ccccc23,[-4.38],[1.0],558
329,O=N(=O)c1cccc2ccccc12,[-3.54],[1.0],936
330,CC(=O)C1CCC2C3CCC4=CC(=O)CCC4(C)C3CCC12C,[-4.42],[1.0],420
331,CNC(=O)Oc1ccccc1C(C)C,[-2.863],[1.0],1013
332,Cc2ncc1nccnc1n2,[-0.12],[1.0],551
333,ClC(Cl)C(c1ccc(Cl)cc1)c2ccc(Cl)cc2,[-7.2],[1.0],1019
334,O=C1NC(=O)NC(=O)C1(C(C)C)CC=C(C)C,[-2.593],[1.0],1036
335,CCCC(C)(C)O,[-0.49],[1.0],926
336,CN(C)C(=O)OC1=CC(=O)CC(C)(C)C1,[-0.85],[1.0],829
337,CC(C)C(Nc1ccc(cc1Cl)C(F)(F)F)C(=O)OC(C#N)c2cccc(Oc3ccccc3)c2,[-8.003],[1.0],482
338,CCOc1ccc(cc1)C(C)(C)COCc3cccc(Oc2ccccc2)c3,[-8.6],[1.0],181
339,Clc1ccc(Cl)c(c1)c2cc(Cl)c(Cl)c(Cl)c2Cl,[-7.68],[1.0],668
340,O=C2CN(N=Cc1ccc(o1)N(=O)=O)C(=O)N2,[-3.38],[1.0],70
341,Cc1ccccc1Cl,[-3.52],[1.0],198
342,c2ccc1scnc1c2,[-1.5],[1.0],5
343,c1ccccc1,[-1.64],[1.0],835
344,CCOC(C)OCC,[-0.43],[1.0],651
345,Clc1cccc(Cl)c1Cl,[-4.0],[1.0],306
346,CCOc1ccc(NC(=O)C)cc1,[-2.35],[1.0],23
347,NC(=O)c1ccccc1O,[-1.82],[1.0],280
348,CC(C)Cl,[-1.41],[1.0],15
349,CC2Cc1ccccc1N2NC(=O)c3ccc(Cl)c(c3)S(N)(=O)=O,[-3.5860000000000003],[1.0],343
350,Ic1ccccc1,[-3.01],[1.0],372
351,CCCOP(=S)(OCCC)SCC(=O)N1CCCCC1C,[-4.15],[1.0],38
352,C,[-0.9],[1.0],934
353,CC34CC(O)C1(F)C(CCC2=CC(=O)C=CC12C)C3CC(O)C4(O)C(=O)CO,[-3.68],[1.0],62
354,Clc1cc(Cl)c(c(Cl)c1)c2c(Cl)cc(Cl)cc2Cl,[-8.71],[1.0],871
355,COc2cnc1ncncc1n2,[-1.139],[1.0],224
356,O=N(=O)c1cc(cc(c1)N(=O)=O)N(=O)=O,[-2.89],[1.0],492
357,O=C1NC(=O)NC(=O)C1(CC)CCC(C)C,[-2.658],[1.0],779
358,CCCC(C)(C)CO,[-1.52],[1.0],705
359,CCC(C)C(C)C,[-4.28],[1.0],806
360,CC3C2CCC1(C)C=CC(=O)C(=C1C2OC3=O)C,[-3.09],[1.0],536
361,Cc1cc(=O)[nH]c(=S)[nH]1,[-2.436],[1.0],647
362,CCCCCCCCCO,[-3.01],[1.0],613
363,ClCC(Cl)(Cl)Cl,[-2.18],[1.0],519
364,CCCCCCCCOC(=O)c1ccccc1C(=O)OCCCCCCCC,[-5.115],[1.0],968
365,COC(=O)C=C,[-0.22],[1.0],1020
366,Clc1ccc(cc1)N(=O)=O,[-2.92],[1.0],366
367,CCCCCCO,[-1.24],[1.0],152
368,ClC(Cl)C(Cl)(Cl)Cl,[-2.6],[1.0],1071
369,CC12CCC(CC1)C(C)(C)O2,[-1.74],[1.0],976
370,CCN(CC)C(=O)C(=CCOP(=O)(OC)OC)Cl,[0.523],[1.0],292
371,CC(C)C(C)(C)C,[-4.36],[1.0],1119
372,CC12CCC3C(CCC4=CC(=O)CCC34C)C2CCC1O,[-4.02],[1.0],750
373,Oc1ccccn1,[1.02],[1.0],599
374,CNC(=O)ON=C(SC)C(=O)N(C)C,[0.106],[1.0],1124
375,c1ccc2cc3c4cccc5cccc(c3cc2c1)c45,[-8.49],[1.0],497
376,CCI,[-1.6],[1.0],475
377,Nc3nc(N)c2nc(c1ccccc1)c(N)nc2n3,[-2.404],[1.0],379
378,c1ccc(cc1)c2ccccc2,[-4.345],[1.0],870
379,CC1(C)C(C=C(Cl)Cl)C1C(=O)OC(C#N)c2cccc(Oc3ccccc3)c2,[-8.017000000000001],[1.0],458
380,C1CCCC1,[-2.64],[1.0],594
381,O=C1NC(=O)NC(=O)C1(C)C,[-1.742],[1.0],971
382,Oc1ccc(Cl)c(Cl)c1Cl,[-2.67],[1.0],692
383,Cc1cc(no1)C(=O)NNCc2ccccc2,[-2.461],[1.0],1107
384,Clc1cc(Cl)c(Cl)cc1Cl,[-5.56],[1.0],567
385,CC(=O)CCC1C(=O)N(N(C1=O)c2ccccc2)c3ccccc3,[-3.27],[1.0],710
386,CNc2cnn(c1cccc(c1)C(F)(F)F)c(=O)c2Cl,[-4.046],[1.0],243
387,CCCCCCCCBr,[-5.06],[1.0],989
388,CCC(C)(C)O,[0.15],[1.0],998
389,Cn1cnc2n(C)c(=O)[nH]c(=O)c12,[-2.523],[1.0],115
390,CCCCOC(=O)c1ccc(N)cc1,[-3.082],[1.0],163
391,CCCC(C)C,[-3.74],[1.0],478
392,Oc1ccc(Br)cc1,[-1.09],[1.0],489
393,CCC1(C(C)C)C(=O)NC(=O)NC1=O,[-2.21],[1.0],701
394,Cc1ccccc1O,[-0.62],[1.0],55
395,CCC(C)(C)CO,[-1.04],[1.0],327
396,CC(C)CCOC=O,[-1.52],[1.0],793
397,CCOP(=S)(OCC)SCSCC,[-4.11],[1.0],22
398,C/C1CCC(\C)CC1,[-4.47],[1.0],312
399,Cc1cccc2c1ccc3ccccc32,[-5.85],[1.0],1054
400,CCCCCCCCCCCCCCCCCCCC,[-8.172],[1.0],1097
401,CCCCCCCCCCCCCCCCCCCCCCCCCC,[-8.334],[1.0],299
402,Oc1ccc2ccccc2c1,[-2.28],[1.0],194
403,Nc1cc(nc(N)n1=O)N2CCCCC2,[-1.989],[1.0],495
404,CCCCCC(=O)OCC,[-2.35],[1.0],380
405,O=C1NC(=O)NC(=O)C1(C(C)C)CC=C,[-1.7080000000000002],[1.0],649
406,CCCCCCCCC(=O)C,[-3.3],[1.0],244
407,CC,[-1.36],[1.0],600
408,Oc2ccc1ncccc1c2,[-2.16],[1.0],207
409,Cn2c(=O)on(c1ccc(Cl)c(Cl)c1)c2=O,[-2.82],[1.0],502
410,c1(OC)ccc(CC=C)cc1,[-2.92],[1.0],596
411,CC(=O)N,[1.58],[1.0],605
412,Oc1cc(Cl)cc(Cl)c1Cl,[-2.67],[1.0],629
413,OC(c1ccc(Cl)cc1)(c2cncnc2)c3ccccc3Cl,[-4.38],[1.0],725
414,c2ccc1[nH]ccc1c2,[-1.52],[1.0],943
415,OC1C(O)C(O)C(O)C(O)C1O,[0.35],[1.0],1026
416,NC(=O)c1ccccc1,[-0.96],[1.0],1048
417,C1c2ccccc2c3cc4ccccc4cc13,[-8.04],[1.0],845
418,CCSCCSP(=S)(OC)OC,[-3.091],[1.0],1125
419,Clc1cc(Cl)c(c(Cl)c1)c2c(Cl)cccc2Cl,[-7.32],[1.0],6
420,CCCC(C)C1(CC)C(=O)NC(=S)NC1=O,[-3.36],[1.0],411
421,CC(C)OP(=S)(OC(C)C)SCCNS(=O)(=O)c1ccccc1,[-4.2],[1.0],330
422,CC(=C)C1CC=C(C)C(=O)C1,[-2.06],[1.0],217
423,Clc1ccc(Br)cc1,[-3.63],[1.0],665
424,COc1ncnc2nccnc12,[-1.11],[1.0],507
425,CCC#N,[0.28],[1.0],671
426,CCC(C)(C)CC,[-4.23],[1.0],1063
427,CC34CC(O)C1(F)C(CCC2=CC(=O)CCC12C)C3CCC4(O)C(=O)CO,[-3.43],[1.0],131
428,CCCC(C)O,[-0.29],[1.0],542
429,CC(Cl)CCl,[-1.6],[1.0],958
430,CCOC(=O)c1ccc(N)cc1,[-2.616],[1.0],246
431,Cc1cc(ccc1NS(=O)(=O)C(F)(F)F)S(=O)(=O)c2ccccc2,[-3.8],[1.0],582
432,CCCCCCCCCCCC(=O)OC,[-4.69],[1.0],817
433,CCOC2Oc1ccc(OS(C)(=O)=O)cc1C2(C)C,[-3.42],[1.0],337
434,CCC(C)CC,[-3.68],[1.0],180
435,Nc1nc(O)nc2nc[nH]c12,[-3.401],[1.0],938
436,O=N(=O)c1cccc(c1)N(=O)=O,[-2.29],[1.0],699
437,CNC(=O)Oc1ccc(N(C)C)c(C)c1,[-2.36],[1.0],392
438,Clc1cccc(c1Cl)c2c(Cl)c(Cl)cc(Cl)c2Cl,[-8.6],[1.0],54
439,CCC,[-1.94],[1.0],494
440,CNC(=O)Oc1ccccc1C2OCCO2,[-1.57],[1.0],514
441,CC1(C)C2CCC1(C)C(=O)C2,[-1.96],[1.0],72
442,Nc1ccc(Cl)cc1,[-1.66],[1.0],704
443,Clc1cccc(Cl)c1,[-3.04],[1.0],854
444,Cc1ccnc(C)c1,[0.38],[1.0],612
445,Clc1ccccc1,[-2.38],[1.0],443
446,CC(=O)OC3(CCC4C2C=C(C)C1=CC(=O)CCC1(C)C2CCC34C)C(C)=O,[-5.35],[1.0],254
447,CCN2c1nc(C)cc(C)c1NC(=O)c3cccnc23,[-4.553999999999999],[1.0],1052
448,CCCCCCCI,[-4.81],[1.0],39
449,CCC(=O)Nc1ccc(Cl)c(Cl)c1,[-3.0],[1.0],378
450,Clc1ccc(c(Cl)c1)c2cc(Cl)ccc2Cl,[-6.57],[1.0],547
451,O=C1N(COC(=O)CCCCCC)C(=O)C(N1)(c2ccccc2)c3ccccc3,[-6.301],[1.0],175
452,Clc1ccc(cc1)c2c(Cl)cccc2Cl,[-6.14],[1.0],962
453,c1ccccc1NC(=O)c2c(O)cccc2,[-3.59],[1.0],1086
454,O2c1cc(C)ccc1N(C)C(=O)c3cc(N)cnc23,[-3.043],[1.0],164
455,CC(C)OC(=O)Nc1cccc(Cl)c1,[-3.38],[1.0],950
456,BrCCBr,[-1.68],[1.0],1012
457,CC(C)CBr,[-2.43],[1.0],474
458,c1c(Cl)cccc1c2ccccc2,[-4.88],[1.0],40
459,ClC4=C(Cl)C5(Cl)C3C1CC(C2OC12)C3C4(Cl)C5(Cl)Cl,[-6.29],[1.0],8
460,COc1ccc(NC(=O)N(C)C)cc1Cl,[-2.564],[1.0],837
461,C(Cc1ccccc1)c2ccccc2,[-4.62],[1.0],286
462,CCOC(=O)c1ccccc1,[-2.32],[1.0],814
463,OC1CCCCCCC1,[-1.29],[1.0],309
464,Cc1ccc(cc1)c2ccccc2,[-4.62],[1.0],234
465,CCOC(=O)CC(SP(=S)(OC)OC)C(=O)OCC,[-3.37],[1.0],354
466,COCC(=O)N(C(C)C(=O)OC)c1c(C)cccc1C,[-1.601],[1.0],191
467,C1c2ccccc2c3ccc4ccccc4c13,[-6.68],[1.0],1015
468,CCC1(CC)C(=O)NC(=O)N(C)C1=O,[-2.23],[1.0],404
469,Clc1ccccc1c2ccccc2,[-4.54],[1.0],119
470,O=C1NC(=O)c2ccccc12,[-2.61],[1.0],724
471,CCCCCCCl,[-3.12],[1.0],296
472,C1Cc2cccc3cccc1c23,[-4.63],[1.0],499
473,Clc1cccc(Cl)c1c2ccccc2,[-5.21],[1.0],911
474,Clc2ccc(Oc1ccc(cc1)N(=O)=O)c(Cl)c2,[-5.46],[1.0],71
475,c1c(O)C2C(=O)C3cc(O)ccC3OC2cc1(OC),[-2.943],[1.0],1037
476,COP(=S)(OC)Oc1ccc(Sc2ccc(OP(=S)(OC)OC)cc2)cc1,[-6.237],[1.0],1116
477,CCNP(=S)(OC)OC(=CC(=O)OC(C)C)C,[-3.408],[1.0],204
478,O=C1N(COC(=O)CCCCC)C(=O)C(N1)(c2ccccc2)c3ccccc3,[-5.886],[1.0],76
479,COC(C)(C)C,[-0.24],[1.0],314
480,O=C1NC(=O)NC(=O)C1(CC=C)CC=C,[-2.077],[1.0],772
481,Cc1cccc(O)c1,[-0.68],[1.0],342
482,Cc1ccc2cc3ccccc3cc2c1,[-6.96],[1.0],390
483,Brc1ccccc1,[-2.55],[1.0],714
484,CON(C)C(=O)Nc1ccc(Cl)cc1,[-2.57],[1.0],827
485,COc1nc(NC(C)C)nc(NC(C)C)n1,[-2.478],[1.0],383
486,c1(Br)c(Br)cc(Br)cc1,[-4.5],[1.0],423
487,CCN2c1cc(Cl)ccc1NC(=O)c3cccnc23,[-5.36],[1.0],89
488,CCCC/C=C/C,[-3.82],[1.0],821
489,CC(=O)OCC(=O)C3CCC4C2CCC1=CC(=O)CCC1(C)C2CCC34C,[-4.63],[1.0],405
490,Clc1ccc(c(Cl)c1Cl)c2c(Cl)cc(Cl)c(Cl)c2Cl,[-7.66],[1.0],1120
491,CC(C)CCCO,[-1.14],[1.0],994
492,Clc1ccc(c(Cl)c1)c2ccc(Cl)c(Cl)c2Cl,[-7.8],[1.0],559
493,CCCC1COC(Cn2cncn2)(O1)c3ccc(Cl)cc3Cl,[-3.4930000000000003],[1.0],79
494,CNC(=O)C=C(C)OP(=O)(OC)OC,[0.6509999999999999],[1.0],804
495,CC1(C)C(C=C(Cl)Cl)C1C(=O)OC(C#N)c2ccc(F)c(Oc3ccccc3)c2,[-7.337000000000001],[1.0],127
496,CCCCOCCCC,[-1.85],[1.0],923
497,COc2ccc(Oc1ccc(NC(=O)N(C)C)cc1)cc2,[-4.16],[1.0],696
498,c1cc2cccc3c4cccc5cccc(c(c1)c23)c54,[-8.804],[1.0],220
499,CCSCC,[-1.34],[1.0],436
500,CCCC(C)C1(CC=C)C(=O)NC(=S)NC1=O,[-3.46],[1.0],91
501,CCN2c1ccccc1N(C)C(=O)c3cccnc23,[-3.324],[1.0],300
502,CC1=C(C(=O)Nc2ccccc2)S(=O)(=O)CCO1,[-2.281],[1.0],1113
503,COP(=S)(OC)Oc1ccc(SC)c(C)c1,[-4.57],[1.0],229
504,Nc1ccccc1Cl,[-1.52],[1.0],572
505,Nc1cccc(c1)N(=O)=O,[-2.19],[1.0],619
506,CCOC(=O)N(C)C(=O)CSP(=S)(OCC)OCC,[-2.518],[1.0],956
507,BrCBr,[-1.17],[1.0],614
508,Oc1cc(Cl)cc(Cl)c1,[-1.34],[1.0],1053
509,CCC(C)C,[-3.18],[1.0],1126
510,COc1ccccc1Cl,[-2.46],[1.0],1016
511,CN2C(=O)CN=C(c1ccccc1)c3cc(Cl)ccc23,[-3.754],[1.0],746
512,CCCCO,[0.0],[1.0],520
513,O=C1CCC(=O)N1,[0.3],[1.0],805
514,CCCC(=O)CC,[-0.83],[1.0],395
515,Clc1ccccc1N(=O)=O,[-2.55],[1.0],368
516,CCCCS,[-2.18],[1.0],1003
517,CCOC(=O)c1ccccc1C(=O)OCC,[-2.35],[1.0],1072
518,c1(O)cc(O)ccc1CCCCCC,[-2.59],[1.0],847
519,BrC(Cl)Cl,[-1.54],[1.0],577
520,CC(C)OC(=O)C,[-0.55],[1.0],713
521,CSc1nc(NC(C)C)nc(NC(C)C)n1,[-4.1],[1.0],904
522,Cc2cccc3sc1nncn1c23,[-2.07],[1.0],977
523,Sc1nccc(=O)[nH]1,[-2.273],[1.0],774
524,OCC1OC(O)(CO)C(O)C1O,[0.64],[1.0],875
525,COP(=S)(OC)Oc1cc(Cl)c(I)cc1Cl,[-6.62],[1.0],158
526,COP(=O)(NC(C)=O)SC,[0.54],[1.0],758
527,CCOP(=S)(OCC)Oc1ccc(cc1)N(=O)=O,[-4.66],[1.0],933
528,OCC2OC(OC1(CO)OC(CO)C(O)C1O)C(O)C(O)C2O,[0.79],[1.0],1025
529,O=C2NC(=O)C1(CCC1)C(=O)N2,[-1.655],[1.0],42
530,CCC(O)(CC)CC,[-0.85],[1.0],1029
531,CCCCNC(=O)n1c(NC(=O)OC)nc2ccccc12,[-4.883],[1.0],990
532,CC(C)Oc1cc(c(Cl)cc1Cl)n2nc(oc2=O)C(C)(C)C,[-5.696000000000001],[1.0],195
533,c1ccc2c3c(ccc2c1)c4cccc5cccc3c45,[-8.0],[1.0],780
534,c1ccccc1n2ncc(N)c(Br)c2(=O),[-3.127],[1.0],47
535,ClC1=C(Cl)C2(Cl)C3C4CC(C=C4)C3C1(Cl)C2(Cl)Cl,[-6.307],[1.0],414
536,COP(=O)(OC)C(O)C(Cl)(Cl)Cl,[-0.22],[1.0],485
537,Clc1ccc(c(Cl)c1)c2c(Cl)ccc(Cl)c2Cl,[-7.43],[1.0],20
538,Oc1c(I)cc(C#N)cc1I,[-3.61],[1.0],110
539,CC(=C)C,[-2.33],[1.0],526
540,CCOP(=S)(OCC)Oc1cc(C)nc(n1)C(C)C,[-3.64],[1.0],18
541,CC(=O)Nc1nnc(s1)S(N)(=O)=O,[-2.36],[1.0],412
542,Cc1ccncc1C,[0.36],[1.0],130
543,CC(=O)OCC(=O)C3(O)CCC4C2CCC1=CC(=O)CCC1(C)C2C(=O)CC34C,[-4.21],[1.0],702
544,Cc1cccc(N)c1,[-0.85],[1.0],241
545,CCOC(=O)CCN(SN(C)C(=O)Oc1cccc2CC(C)(C)Oc21)C(C)C,[-4.71],[1.0],529
546,CCc1ccc(CC)cc1,[-3.75],[1.0],30
547,c1ccc2cc3cc4ccccc4cc3cc2c1,[-8.6],[1.0],819
548,O=N(=O)c1c(Cl)c(Cl)ccc1,[-3.48],[1.0],90
549,CC(C)OC(C)C,[-1.1],[1.0],199
550,CCCC=C,[-2.68],[1.0],12
551,O=c2[nH]c(=O)c1[nH]c(=O)[nH]c1[nH]2,[-3.93],[1.0],852
552,COP(=O)(OC)OC(Br)C(Cl)(Cl)Br,[-2.28],[1.0],869
553,CC(C)(C)Cc1ccccc1,[-4.15],[1.0],464
554,NC(=S)N,[0.32],[1.0],82
555,Nc1ccc(cc1)S(=O)(=O)c2ccc(N)cc2,[-3.094],[1.0],200
556,O=C1CCCN1,[1.07],[1.0],10
557,Clc1cc(Cl)c(Cl)c(c1Cl)c2c(Cl)c(Cl)cc(Cl)c2Cl,[-9.15],[1.0],60
558,CC=C(C(=CC)c1ccc(O)cc1)c2ccc(O)cc2,[-4.95],[1.0],866
559,C/C1CCCCC1\C,[-4.3],[1.0],753
560,CN(C)C(=O)C(c1ccccc1)c2ccccc2,[-2.98],[1.0],721
561,COP(=S)(OC)Oc1cc(Cl)c(Cl)cc1Cl,[-5.72],[1.0],646
562,CCc1ccccc1C,[-3.21],[1.0],283
563,CC34CCc1c(ccc2cc(O)ccc12)C3CCC4=O,[-5.24],[1.0],434
564,Cc1c(cccc1N(=O)=O)N(=O)=O,[-3.0],[1.0],419
565,CC12CC(O)C3C(CCC4=CC(=O)CCC34C)C2CCC1(O)C(=O)CO,[-3.09],[1.0],364
566,CC34CCC1C(=CCc2cc(O)ccc12)C3CCC4=O,[-5.282],[1.0],293
567,C1(=O)NC(=O)NC(=O)C1(O)C2(O)C(=O)NC(=O)NC2(=O),[-1.99],[1.0],733
568,CCCCc1c(C)nc(NCC)nc1OS(=O)(=O)N(C)C,[-4.16],[1.0],807
569,Cc1cc(C)c(C)cc1C,[-4.59],[1.0],1083
570,ClCC#CCOC(=O)Nc1cccc(Cl)c1,[-4.37],[1.0],877
571,CI,[-1.0],[1.0],173
572,O=C1NC(=O)NC(=O)C1(CC)CC=C(C)C,[-2.253],[1.0],898
573,CCCC1C(=O)N3N(C1=O)c2cc(C)ccc2N=C3N(C)C,[-3.5380000000000003],[1.0],745
574,CCCCCO,[-0.6],[1.0],460
575,Fc1c[nH]c(=O)[nH]c1=O,[-1.077],[1.0],149
576,CCCCCc1ccccc1,[-4.64],[1.0],447
577,c2ccc1ocnc1c2,[-1.16],[1.0],459
578,CC4CC3C2CCC1=CC(=O)C=CC1(C)C2(F)C(O)CC3(C)C4(O)C(=O)COC(C)=O,[-4.9],[1.0],1067
579,CCNc1nc(Cl)nc(n1)N(CC)CC,[-4.06],[1.0],66
580,OC1CCCCC1,[-0.44],[1.0],230
581,CCc1ccc2ccccc2c1,[-4.29],[1.0],584
582,Brc1cc(Br)cc(Br)c1,[-5.6],[1.0],645
583,COc1cc(cc(OC)c1O)C6C2C(COC2=O)C(OC4OC3COC(C)OC3C(O)C4O)c7cc5OCOc5cc67,[-3.571],[1.0],219
584,CC(=O)C1(O)CCC2C3CCC4=CC(=O)CCC4(C)C3CCC21C,[-3.817],[1.0],541
585,O=C1N(COC(=O)C)C(=O)C(N1)(c2ccccc2)c3ccccc3,[-4.47],[1.0],510
586,CN1CC(O)N(C1=O)c2nnc(s2)C(C)(C)C,[-1.877],[1.0],370
587,Clc1cccc(c1Cl)c2cccc(Cl)c2Cl,[-7.28],[1.0],417
588,O=C1NC(=O)NC(=O)C1(CC=C)c1ccccc1,[-2.369],[1.0],73
589,c1ccc2c(c1)cc3ccc4cccc5ccc2c3c45,[-8.699],[1.0],637
590,CCCCCCCC(=O)OCC,[-3.39],[1.0],564
591,Clc2c(Cl)c(Cl)c(c1ccccc1)c(Cl)c2Cl,[-7.92],[1.0],586
592,CCC(C)(O)CC,[-0.36],[1.0],446
593,O=C1NC(=O)NC(=O)C1(C)CC,[-1.228],[1.0],889
594,CC(C)(C)c1ccc(O)cc1,[-2.41],[1.0],136
595,Oc2ncc1nccnc1n2,[-1.947],[1.0],145
596,NC(=O)NCc1ccccc1,[-0.95],[1.0],406
597,Cc1ncc(N(=O)=O)n1CCO,[-1.22],[1.0],703
598,CCCN(CCC)c1c(cc(cc1N(=O)=O)C(F)(F)F)N(=O)=O,[-5.68],[1.0],982
599,CCCC,[-2.57],[1.0],1068
600,COc5cc4OCC3Oc2c1CC(Oc1ccc2C(=O)C3c4cc5OC)C(C)=C,[-4.42],[1.0],9
601,O=C1NC(=O)C(N1)(c2ccccc2)c3ccccc3,[-4.097],[1.0],258
602,CCCCCBr,[-3.08],[1.0],820
603,CC12CC(O)C3C(CCC4=CC(=O)C=CC34C)C2CCC1(O)C(=O)CO,[-3.18],[1.0],576
604,Clc1ccc(cc1)c2cc(Cl)ccc2Cl,[-6.25],[1.0],907
605,Clc1cc(c(Cl)c(Cl)c1Cl)c2cc(Cl)c(Cl)c(Cl)c2Cl,[-9.16],[1.0],297
606,c1(C(=O)OCCCCCC(C)(C))c(C(=O)OCCCCCC(C)(C))cccc1,[-6.6370000000000005],[1.0],965
607,CC1=CCC(CC1)C(C)=C,[-4.26],[1.0],134
608,Nc2cnn(c1ccccc1)c(=O)c2Cl,[-2.878],[1.0],997
609,CCCCOCCO,[-0.42],[1.0],653
610,CCOC=C,[-0.85],[1.0],505
611,CC(C)C(C(=O)OC(C#N)c1cccc(Oc2ccccc2)c1)c3ccc(OC(F)F)cc3,[-6.876],[1.0],86
612,CCN(CC)C(=O)CSc1ccc(Cl)nn1,[-1.716],[1.0],326
613,CC(=O)Nc1ccc(F)cc1,[-1.78],[1.0],361
614,CCC(C)c1cc(cc(N(=O)=O)c1O)N(=O)=O,[-3.38],[1.0],677
615,Clc1ccc(c(Cl)c1Cl)c2ccc(Cl)c(Cl)c2Cl,[-8.01],[1.0],560
616,Cl\C=C/Cl,[-1.3],[1.0],1101
617,CC(=O)SC4CC1=CC(=O)CCC1(C)C5CCC2(C)C(CCC23CCC(=O)O3)C45,[-4.173],[1.0],1039
618,CCCCCCCCCCCCCCCO,[-6.35],[1.0],969
619,Brc1ccccc1Br,[-3.5],[1.0],1031
620,c1ccncc1,[0.76],[1.0],128
621,CC(=O)OC3(C)CCC4C2CCC1=CC(=O)CCC1(C)C2CCC34C,[-5.284],[1.0],961
622,CCCCCCCC#C,[-4.24],[1.0],197
623,COC(=O)c1ccc(O)cc1,[-1.827],[1.0],534
624,C1c2ccccc2c3ccccc13,[-5.0],[1.0],531
625,O=C1N(COC(=O)CCCCCCC)C(=O)C(N1)(c2ccccc2)c3ccccc3,[-6.523],[1.0],167
626,C1Cc2c3c1cccc3cc4c2ccc5ccccc54,[-7.85],[1.0],755
627,Oc1ccc(cc1)C2(OC(=O)c3ccccc23)c4ccc(O)cc4,[-2.9],[1.0],644
628,CC(=O)OCC(=O)C1(O)CCC2C3CCC4=CC(=O)CCC4(C)C3C(O)CC21C,[-4.88],[1.0],883
629,Cc1c2ccccc2c(C)c3ccccc13,[-6.57],[1.0],358
630,CSSC,[-1.44],[1.0],1047
631,CN(C)C(=S)SSC(=S)N(C)C,[-3.9],[1.0],1060
632,CC/C=C/C,[-2.54],[1.0],140
633,Cc1cccc(C)c1NC(=O)c2cc(c(Cl)cc2O)S(N)(=O)=O,[-3.79],[1.0],946
634,CC(C)C,[-2.55],[1.0],108
635,Oc1ccc(Cl)c(Cl)c1,[-1.25],[1.0],457
636,C2c1ccccc1N(CCF)C(=O)c3ccccc23,[-4.799],[1.0],1034
637,CCCCCCCCCC(=O)OC,[-4.69],[1.0],472
638,CCCCCCCC=C,[-5.05],[1.0],444
639,CN(C)C(=O)Nc1ccc(C)c(Cl)c1,[-3.483],[1.0],407
640,Nc1cc[nH]c(=O)n1,[-1.155],[1.0],669
641,CCCCBr,[-2.37],[1.0],267
642,C=Cc1ccccc1,[-2.82],[1.0],839
643,CC#C,[-0.41],[1.0],202
644,CCNc1nc(NC(C)C)nc(SC)n1,[-3.04],[1.0],539
645,CC(C)CC(C)O,[-0.8],[1.0],1103
646,CCSC(=O)N(CC(C)C)CC(C)C,[-3.68],[1.0],617
647,c1(C(C)(C)C)cc(C(C)(C)C)cc(OC(=O)NC)c1,[-4.24],[1.0],1094
648,CCC(=O)OC3CCC4C2CCC1=CC(=O)CCC1(C)C2CCC34C,[-5.37],[1.0],717
649,c1ccc2c(c1)ccc3c2ccc4c5ccccc5ccc43,[-7.87],[1.0],3
650,CC(C)NC(=O)N1CC(=O)N(C1=O)c2cc(Cl)cc(Cl)c2,[-4.376],[1.0],832
651,CCCN(CCC)c1c(cc(cc1N(=O)=O)C(C)C)N(=O)=O,[-6.49],[1.0],303
652,Cc1cccc(C)n1,[0.45],[1.0],141
653,Cc1occc1C(=O)Nc2ccccc2,[-3.3],[1.0],1
654,c1c(Br)ccc2ccccc12,[-4.4],[1.0],222
655,CNN,[1.34],[1.0],201
656,CC34CCC1C(CCc2cc(O)ccc12)C3CCC4(O)C#C,[-4.3],[1.0],816
657,CC1=CCCCC1,[-3.27],[1.0],776
658,COc2cnc1cncnc1n2,[-0.91],[1.0],798
659,CC(=O)Nc1ccccc1,[-1.33],[1.0],789
660,CCCCCC1CCCC1,[-6.08],[1.0],823
661,CCOc1ccc(NC(N)=O)cc1,[-2.17],[1.0],311
662,c1cc2ccc3ccc4ccc5cccc6c(c1)c2c3c4c56,[-9.018],[1.0],676
663,O=N(=O)c1ccccc1N(=O)=O,[-3.1],[1.0],973
664,c1cc(C)cc2c1c3cc4cccc5CCc(c45)c3cc2,[-7.92],[1.0],813
665,CCC(C)(C)Cl,[-2.51],[1.0],438
666,OCC3OC(OCC2OC(OC(C#N)c1ccccc1)C(O)C(O)C2O)C(O)C(O)C3O,[-0.77],[1.0],0
667,CN(C(=O)COc1nc2ccccc2s1)c3ccccc3,[-4.873],[1.0],398
668,ClC1(C2(Cl)C3(Cl)C4(Cl)C5(Cl)C1(Cl)C3(Cl)Cl)C5(Cl)C(Cl)(Cl)C24Cl,[-6.8],[1.0],988
669,CCC=O,[0.58],[1.0],770
670,CC(=O)CC(c1ccc(Cl)cc1)c2c(O)c3ccccc3oc2=O,[-5.839],[1.0],583
671,Cc1c(C)c2c3ccccc3ccc2c4ccccc14,[-7.01],[1.0],850
672,CCCCOC,[-0.99],[1.0],684
673,CCCCCCCCl,[-4.0],[1.0],284
674,c1c(OC)c(OC)C2C(=O)OCC2c1,[-1.899],[1.0],678
675,CCCCSP(=O)(SCCCC)SCCCC,[-5.14],[1.0],759
676,Cc1cc(C)c(O)c(C)c1,[-2.05],[1.0],834
677,c2ccc1[nH]nnc1c2,[-0.78],[1.0],467
678,CCNc1nc(NC(C)(C)C)nc(OC)n1,[-3.239],[1.0],1010
679,ClC(Cl)(Cl)N(=O)=O,[-2.0],[1.0],910
680,Clc1ccccc1Cl,[-3.05],[1.0],601
681,Nc1nc[nH]n1,[0.522],[1.0],483
682,ClC1=C(Cl)C(Cl)(C(=C1Cl)Cl)C2(Cl)C(=C(Cl)C(=C2Cl)Cl)Cl,[-7.278],[1.0],432
683,Clc1ccc(cc1)c2ccc(Cl)cc2,[-6.56],[1.0],215
684,c1ccc2cnccc2c1,[-1.45],[1.0],116
685,COCCCNc1nc(NC(C)C)nc(SC)n1,[-2.928],[1.0],707
686,CCNc1nc(Cl)nc(NCC)n1,[-4.55],[1.0],686
687,CC34CCC1C(CCC2CC(O)CCC12C)C3CCC4=O,[-4.16],[1.0],232
688,Oc1ccccc1O,[0.62],[1.0],249
689,CN(C)C(=O)NC1CCCCCCC1,[-2.218],[1.0],987
690,CC1(C)C(C=C(Cl)C(F)(F)F)C1C(=O)OC(C#N)c2cccc(Oc3ccccc3)c2,[-8.176],[1.0],744
691,CC(C)C(=O)C,[-0.12],[1.0],974
692,O=C1N(C2CCC(=O)NC2=O)C(=O)c3ccccc13,[-2.676],[1.0],981
693,CCOP(=S)(CC)Oc1cc(Cl)c(Cl)cc1Cl,[-5.752000000000001],[1.0],184
694,CSc1nc(nc(n1)N(C)C)N(C)C,[-2.676],[1.0],688
695,COC1=CC(=O)CC(C)C13Oc2c(Cl)c(OC)cc(OC)c2C3=O,[-3.2460000000000004],[1.0],1061
696,CN(C)C(=O)Nc1ccc(c(Cl)c1)n2nc(oc2=O)C(C)(C)C,[-4.328],[1.0],360
697,Clc1ccc(Cl)cc1,[-3.27],[1.0],509
698,CCOP(=O)(OCC)OCC,[0.43],[1.0],796
699,CC1(C)C(C(=O)OC(C#N)c2cccc(Oc3ccccc3)c2)C1(C)C,[-6.025],[1.0],901
700,OC(CC(c1ccccc1)c3c(O)c2ccccc2oc3=O)c4ccc(cc4)c5ccc(Br)cc5,[-4.445],[1.0],939
701,CCCCN(CC)c1c(cc(cc1N(=O)=O)C(F)(F)F)N(=O)=O,[-5.53],[1.0],833
702,COc1ccccc1O,[-1.96],[1.0],1069
703,CN(C)C(=O)Nc1ccc(Cl)cc1,[-2.89],[1.0],264
704,Oc1c(Cl)cccc1Cl,[-1.79],[1.0],1024
705,CCCCC(=O)OC,[-1.34],[1.0],630
706,CCCC(C)CO,[-1.11],[1.0],895
707,Fc1ccccc1Br,[-2.7],[1.0],589
708,CCOP(=S)(OCC)N2C(=O)c1ccccc1C2=O,[-3.35],[1.0],1085
709,CCCCc1c(C)nc(nc1O)N(C)C,[-2.24],[1.0],126
710,c1ccc2c(c1)ccc3c4ccccc4ccc23,[-8.057],[1.0],52
711,ClC(Cl)=C(c1ccc(Cl)cc1)c2ccc(Cl)cc2,[-6.9],[1.0],28
712,ClCC#N,[-0.092],[1.0],183
713,CC34CCC1C(CCC2=CC(=O)CCC12C)C3CCC4=O,[-3.69],[1.0],944
714,COP(=S)(OC)Oc1ccc(cc1Cl)N(=O)=O,[-4.31],[1.0],473
715,CC(C)N(C(=O)CCl)c1ccccc1,[-2.48],[1.0],838
716,Nc1cccc(Cl)c1,[-1.37],[1.0],334
717,OC(Cn1cncn1)(c2ccc(F)cc2)c3ccccc3F,[-3.37],[1.0],265
718,Cc1ccc(N)cc1,[-1.21],[1.0],385
719,CC(C)Cc1ccccc1,[-4.12],[1.0],1074
720,ClC(Cl)(Cl)C(Cl)(Cl)Cl,[-3.67],[1.0],85
721,Cc1ccc(OP(=O)(Oc2cccc(C)c2)Oc3ccccc3C)cc1,[-6.01],[1.0],161
722,ICI,[-2.34],[1.0],1075
723,CCc1cccc(CC)c1N(COC)C(=O)CCl,[-3.26],[1.0],362
724,ClC(Cl)Cl,[-1.17],[1.0],773
725,CCN(CC)c1c(cc(c(N)c1N(=O)=O)C(F)(F)F)N(=O)=O,[-5.47],[1.0],24
726,CCCCCCCCC=C,[-5.51],[1.0],124
727,CCCCC(C)(C)O,[-1.08],[1.0],896
728,COc1ccc(cc1)N(=O)=O,[-2.41],[1.0],295
729,COc1ccccc1OCC(O)COC(N)=O,[-0.985],[1.0],374
730,C=CCCC=C,[-2.68],[1.0],942
731,COc2c1occc1c(OC)c3c(=O)cc(C)oc23,[-3.0210000000000004],[1.0],778
732,CC1(O)CCC2C3CCC4=CC(=O)CCC4(C)C3CCC21C,[-3.999],[1.0],310
733,OCC1OC(C(O)C1O)n2cnc3c(O)ncnc23,[-1.23],[1.0],109
734,CCCCC1C(=O)N(N(C1=O)c2ccc(O)cc2)c3ccccc3,[-3.73],[1.0],728
735,FC(F)(F)c1cccc(c1)N2CC(CCl)C(Cl)C2=O,[-4.047],[1.0],656
736,c1c(NC(=O)OC(C)C(=O)NCC)cccc1,[-1.83],[1.0],985
737,Fc1cccc(Br)c1,[-2.67],[1.0],664
738,CNC(=O)Oc1cccc2CC(C)(C)Oc12,[-2.8],[1.0],468
739,CC(C)N(C(C)C)C(=O)SCC(=CCl)Cl,[-4.2860000000000005],[1.0],1056
740,CCCCN(CC)C(=O)SCCC,[-3.53],[1.0],574
741,N(=Nc1ccccc1)c2ccccc2,[-4.45],[1.0],1022
742,CCCCCCC(=O)C,[-2.05],[1.0],978
743,O=C1NC(=O)NC(=O)C1(C(C)C)C(C)C,[-2.766],[1.0],282
744,CCCCCCl,[-2.73],[1.0],153
745,Cc1c2ccccc2cc3ccccc13,[-5.89],[1.0],682
746,O2c1ccccc1N(C)C(=O)c3cccnc23,[-3.672],[1.0],530
747,OC(c1ccc(Cl)cc1)(c2ccc(Cl)cc2)C(Cl)(Cl)Cl,[-5.666],[1.0],498
748,CCCCCC(C)C,[-5.08],[1.0],743
749,CC(C)CC(=O)C,[-0.74],[1.0],269
750,CC#N,[0.26],[1.0],516
751,ClC(Br)Br,[-1.9],[1.0],352
752,O=C2NC(=O)C1(CC1)C(=O)N2,[-1.886],[1.0],137
753,CCCCCCCCCCCCCCCC,[-8.4],[1.0],975
754,Cc1cccc2c1Cc3ccccc32,[-5.22],[1.0],34
755,CCN(=O)=O,[-0.22],[1.0],168
756,c1ccc2c(c1)ccc3ccccc32,[-5.26],[1.0],611
757,CC(=O)Nc1ccc(O)cc1,[-1.03],[1.0],915
758,Cc1ccc(C)cc1,[-2.77],[1.0],83
759,O=c1cc[nH]c(=O)[nH]1,[-1.4880000000000002],[1.0],317
760,CCc1cccc(C)c1N(C(C)COC)C(=O)CCl,[-2.73],[1.0],480
761,O=C(Cn1ccnc1N(=O)=O)NCc2ccccc2,[-2.81],[1.0],64
762,Cc1cc(cc(N(=O)=O)c1O)N(=O)=O,[-1.456],[1.0],884
763,CC=C,[-1.08],[1.0],1108
764,O=C(C=CC=Cc2ccc1OCOc1c2)N3CCCCC3,[-3.46],[1.0],1090
765,Oc2ccc1CCCCc1c2,[-1.99],[1.0],156
766,Cn1c(=O)n(C)c2nc[nH]c2c1=O,[-1.39],[1.0],26
767,ClC(Cl)(Cl)C#N,[-2.168],[1.0],242
768,CCOP(=S)(OCC)SCSc1ccc(Cl)cc1,[-5.736000000000001],[1.0],218
769,CCCCCC(C)(C)O,[-1.72],[1.0],929
770,CC12CC(=O)C3C(CCC4=CC(=O)CCC34C)C2CCC1(O)C(=O)CO,[-3.11],[1.0],340
771,Clc1ccc(CN(C2CCCC2)C(=O)Nc3ccccc3)cc1,[-5.915],[1.0],775
772,CC(C)C(C)C(C)C,[-4.8],[1.0],121
773,CC(=O)C3(C)CCC4C2C=C(C)C1=CC(=O)CCC1(C)C2CCC34C,[-5.27],[1.0],756
774,OCC(O)CO,[1.12],[1.0],679
775,Clc1ccc(Cl)c(c1)c2ccc(Cl)c(Cl)c2,[-7.25],[1.0],97
776,CNC(=O)Oc1cccc2ccccc12,[-3.224],[1.0],952
777,Cc1cc(C)cc(O)c1,[-1.4],[1.0],876
778,CN(C=Nc1ccc(C)cc1C)C=Nc2ccc(C)cc2C,[-5.47],[1.0],382
779,c1ccccc1O,[0.0],[1.0],113
780,CC45CCC2C(CCC3CC1SC1CC23C)C4CCC5O,[-5.41],[1.0],1030
781,NC(=O)CCl,[-0.02],[1.0],157
782,CC(C)(C)C(=O)C(Oc1ccc(Cl)cc1)n2cncn2,[-3.61],[1.0],1106
783,CC1=C(CCCO1)C(=O)Nc2ccccc2,[-2.56],[1.0],504
784,Oc1ccc(Cl)cc1Cc2cc(Cl)ccc2O,[-3.953],[1.0],1109
785,CC(C)C(C)O,[-0.18],[1.0],470
786,NC(=S)Nc1ccccc1,[-1.77],[1.0],236
787,CC(C)=CCC/C(C)=C\CO,[-2.46],[1.0],165
788,CC34CCC1C(CC=C2CC(O)CCC12C)C3CCC4=O,[-4.12],[1.0],674
789,NC(=O)c1cccnc1,[0.61],[1.0],1043
790,CCOP(=S)(NC(C)C)Oc1ccccc1C(=O)OC(C)C,[-4.194],[1.0],305
791,CC(O)C(C)(C)C,[-0.62],[1.0],608
792,Oc1c(Br)cc(C#N)cc1Br,[-3.33],[1.0],396
793,CCN2c1ncccc1N(CC)C(=O)c3cccnc23,[-2.86],[1.0],442
794,C1CCc2ccccc2C1,[-4.37],[1.0],643
795,Clc1cccc(c1)c2cc(Cl)ccc2Cl,[-6.01],[1.0],77
796,CCOP(=S)(OCC)SCn1c(=O)oc2cc(Cl)ccc12,[-5.233],[1.0],486
797,ClCC,[-1.06],[1.0],1088
798,CCCO,[0.62],[1.0],540
799,CCCCCCCC,[-5.24],[1.0],767
800,CC1CC2C3CCC4=CC(=O)C=CC4(C)C3(F)C(O)CC2(C)C1(O)C(=O)CO,[-3.59],[1.0],615
801,CCCCCC,[-3.84],[1.0],859
802,Cc1ccc(cc1)S(=O)(=O)N,[-1.74],[1.0],741
803,CCN(CC)C(=S)SSC(=S)N(CC)CC,[-4.86],[1.0],430
804,c1c(NC(=O)c2ccccc2(I))cccc1,[-4.21],[1.0],587
805,CCC1(CCC(C)C)C(=O)NC(=O)NC1=O,[-2.468],[1.0],147
806,c1cnc2c(c1)ccc3ncccc23,[-2.68],[1.0],313
807,CCC(C)(C)C,[-3.55],[1.0],880
808,CC1OC(CC(O)C1O)OC2C(O)CC(OC2C)OC8C(O)CC(OC7CCC3(C)C(CCC4C3CCC5(C)C(CCC45O)C6=CC(=O)OC6)C7)OC8C,[-5.292999999999999],[1.0],640
809,OCC(O)C(O)C(O)C(O)CO,[0.06],[1.0],233
810,Cc1cncc(C)c1,[0.38],[1.0],954
811,OCc1ccccc1,[-0.4],[1.0],487
812,CC(=O)C(C)(C)C,[-0.72],[1.0],238
813,CCc1ccc(C)cc1,[-3.11],[1.0],697
814,CCC(C)C(=O)C,[-0.67],[1.0],937
815,Nc1ccccc1,[-0.41],[1.0],631
816,CC(C)COC(=O)C,[-1.21],[1.0],1118
817,CCOC(=O)NCCOc2ccc(Oc1ccccc1)cc2,[-4.7],[1.0],517
818,CCCCCCCCCCCCCCO,[-5.84],[1.0],783
819,CC1CC(C)C(=O)C(C1)C(O)CC2CC(=O)NC(=O)C2,[-1.13],[1.0],174
820,CCC(=C(CC)c1ccc(O)cc1)c2ccc(O)cc2,[-4.07],[1.0],95
821,Clc1cc(Cl)c(cc1Cl)c2cc(Cl)c(Cl)cc2Cl,[-8.56],[1.0],1042
822,CCCCCCC#C,[-3.66],[1.0],50
823,Cc3cc2nc1c(=O)[nH]c(=O)nc1n(CC(O)C(O)C(O)CO)c2cc3C,[-3.685],[1.0],588
824,CCCCCC(O)CC,[-1.98],[1.0],892
825,CN(C)c1ccccc1,[-1.92],[1.0],1001
826,CCCCCl,[-2.03],[1.0],620
827,O=C1NC(=O)NC(=O)C1(CC)CC=C,[-1.614],[1.0],691
828,CC(=O)OCC(=O)C3(O)CCC4C2CCC1=CC(=O)C=CC1(C)C2C(O)CC34C,[-4.37],[1.0],711
829,C1=Cc2cccc3cccc1c23,[-3.96],[1.0],634
830,CC(C)C1CCC(C)CC1O,[-2.53],[1.0],43
831,CC1(C)C(C=C(Cl)Cl)C1C(=O)OCc2cccc(Oc3ccccc3)c2,[-6.291],[1.0],591
832,Nc1ccc(O)cc1,[-0.8],[1.0],63
833,Clc1ccc(Cl)c(c1)c2c(Cl)c(Cl)cc(Cl)c2Cl,[-7.42],[1.0],824
834,COc1ccc(cc1)C(c2ccc(OC)cc2)C(Cl)(Cl)Cl,[-6.89],[1.0],261
835,CCC1(CCC(=O)NC1=O)c2ccccc2,[-2.337],[1.0],179
836,CCC1(C(=O)NC(=O)NC1=O)C2=CCC3CCC2C3,[-2.696],[1.0],346
837,CCC=C,[-1.94],[1.0],667
838,CC/C=C\C,[-2.54],[1.0],1091
839,C=CC#N,[0.15],[1.0],1007
840,CCC(C(CC)c1ccc(O)cc1)c2ccc(O)cc2,[-4.43],[1.0],353
841,Nc1ccccc1O,[-0.72],[1.0],189
842,COC(=O)Nc1cccc(OC(=O)Nc2cccc(C)c2)c1,[-4.805],[1.0],32
843,CC(O)c1ccccc1,[-0.92],[1.0],957
844,CC(Cl)(Cl)Cl,[-2.0],[1.0],826
845,CCCCC(=O)OCC,[-2.25],[1.0],74
846,c2(Cl)c(Cl)c(Cl)c1nccnc1c2(Cl),[-5.43],[1.0],101
847,CC2(C)C1CCC(C)(C1)C2=O,[-1.85],[1.0],797
848,Ic1cccc2ccccc12,[-4.55],[1.0],275
849,C1OC1c2ccccc2,[-1.6],[1.0],98
850,c1cc2ccc3cccc4ccc(c1)c2c34,[-6.176],[1.0],650
851,CN2C(=C(O)c1ccccc1S2(=O)=O)C(=O)Nc3ccccn3,[-4.16],[1.0],592
852,Oc1cccc2cccnc12,[-2.42],[1.0],642
853,Cc1cccc(C)c1C,[-3.2],[1.0],391
854,CCCC(O)CCC,[-1.4],[1.0],1076
855,C1CCC=CCC1,[-3.18],[1.0],1059
856,Fc1ccccc1,[-1.8],[1.0],208
857,Oc1ccc(c(O)c1)c3oc2cc(O)cc(O)c2c(=O)c3O,[-3.083],[1.0],428
858,Oc1cc(Cl)c(Cl)c(Cl)c1Cl,[-3.15],[1.0],1065
859,CCC(Br)(CC)C(=O)NC(N)=O,[-2.68],[1.0],68
860,CCSCc1ccccc1OC(=O)NC,[-2.09],[1.0],132
861,FC(F)(Cl)C(F)(F)Cl,[-2.74],[1.0],1080
862,ClC1C(Cl)C(Cl)C(Cl)C(Cl)C1Cl,[-4.64],[1.0],304
863,CCOCCOCC,[-0.77],[1.0],566
864,Oc2cc(O)c1C(=O)CC(Oc1c2)c3ccc(O)c(O)c3,[-3.62],[1.0],1095
865,Cc1ccc(O)c(C)c1,[-1.19],[1.0],544
866,Oc1ccc(Cl)cc1C(=O)Nc2ccc(cc2Cl)N(=O)=O,[-4.7],[1.0],111
867,COP(=S)(OC)SCC(=O)N(C)C=O,[-1.995],[1.0],80
868,CC(=O)OC3CCC4C2CCC1=CC(=O)CCC1(C)C2CCC34C,[-5.184],[1.0],451
869,CCCI,[-2.29],[1.0],538
870,NS(=O)(=O)c1cc(ccc1Cl)C2(O)NC(=O)c3ccccc23,[-3.451],[1.0],1117
871,Cn1cnc2n(C)c(=O)n(C)c(=O)c12,[-0.8759999999999999],[1.0],1038
872,CC1CCCCC1,[-3.85],[1.0],532
873,CCc1ccccc1,[-2.77],[1.0],897
874,CC34CCC1C(CCC2CC(=O)CCC12C)C3CCC4O,[-4.743],[1.0],920
875,Clc1cccc(Br)c1,[-3.21],[1.0],887
876,CCCCCCC,[-4.53],[1.0],751
877,c2ccc1NCCc1c2,[-1.04],[1.0],935
878,Oc1ccc(cc1)c2ccccc2,[-3.48],[1.0],503
879,O=C1NC(=O)NC(=O)C1(CC)C(C)C,[-2.148],[1.0],825
880,CCCCCC(C)O,[-1.55],[1.0],45
881,CCOC(=O)c1cncn1C(C)c2ccccc2,[-4.735],[1.0],456
882,CC12CC(O)C3C(CCC4=CC(=O)CCC34C)C2CCC1C(=O)CO,[-3.24],[1.0],966
883,CCCC(O)CC,[-0.8],[1.0],388
884,CCOC(=O)N,[0.85],[1.0],253
885,CC12CCC(CC1)C(C)(C)O2,[-1.64],[1.0],213
886,c1(O)c(C)ccc(C(C)C)c1,[-2.08],[1.0],426
887,CCCC#C,[-1.64],[1.0],786
888,C1CCC=CC1,[-2.59],[1.0],363
889,NC(=O)NC1NC(=O)NC1=O,[-1.6],[1.0],448
890,CCCCCCCBr,[-4.43],[1.0],129
891,CC1CC2C3CC(F)C4=CC(=O)C=CC4(C)C3(F)C(O)CC2(C)C1(O)C(=O)CO,[-5.613],[1.0],1008
892,N#Cc1ccccc1,[-1.0],[1.0],17
893,CC1(C)C(C=C(Br)Br)C1C(=O)OC(C#N)c2cccc(Oc3ccccc3)c2,[-8.402000000000001],[1.0],272
894,ClCc1ccccc1,[-2.39],[1.0],355
895,CCN(CC)c1nc(Cl)nc(NC(C)C)n1,[-3.785],[1.0],245
896,OCC1OC(CO)(OC2OC(COC3OC(CO)C(O)C(O)C3O)C(O)C(O)C2O)C(O)C1O,[-0.41],[1.0],298
897,Clc1cccc(n1)C(Cl)(Cl)Cl,[-3.76],[1.0],1058
898,COc1ccccc1O,[-1.96],[1.0],680
899,CNC(=O)Oc1cc(C)cc(C)c1,[-2.5810000000000004],[1.0],1045
900,ClC1C=CC2C1C3(Cl)C(=C(Cl)C2(Cl)C3(Cl)Cl)Cl,[-6.317],[1.0],899
901,c1ccnnc1,[1.1],[1.0],186
